id	title	description	price	condition	link	availability	image_link	brand	gtin	mpn	google_product_category	product_type	shipping_weight	shipping_length	shipping_width	shipping_height	item_group_id	additional_image_link	age_group	gender	material	pattern	color	size	item_condition	energy_efficiency_class	multipack	adult	shipping_label	shipping_cost	shipping_country	shipping_region	shipping_service	shipping_time	shipping_zip	shipping_city	shipping_state	shipping_address	shipping_phone	shipping_contact	shipping_notes	shipping_instructions	shipping_restrictions	shipping_handling_time	shipping_delivery_time	shipping_carrier	shipping_method	shipping_priority	shipping_insurance	shipping_signature	shipping_tracking	shipping_notification	shipping_confirmation	shipping_receipt	shipping_invoice	shipping_packing_slip	shipping_label_url	shipping_tracking_url	shipping_delivery_confirmation	shipping_proof_of_delivery	shipping_return_address	shipping_return_phone	shipping_return_contact	shipping_return_notes	shipping_return_instructions	shipping_return_restrictions	shipping_return_handling_time	shipping_return_delivery_time	shipping_return_carrier	shipping_return_method	shipping_return_priority	shipping_return_insurance	shipping_return_signature	shipping_return_tracking	shipping_return_notification	shipping_return_confirmation	shipping_return_receipt	shipping_return_invoice	shipping_return_packing_slip	shipping_return_label_url	shipping_return_tracking_url	shipping_return_delivery_confirmation	shipping_return_proof_of_delivery
vinyl-13oz	13oz Vinyl Banner	Our most popular banner - perfect for outdoor use with weather resistance and vibrant colors	1.60	new	https://buyprintz.com/product/vinyl-13oz	in_stock	https://buyprintz.com/assets/images/13oz Vinyl Banner.jpg	BuyPrintz		BP-VB-13OZ	Home & Garden > Home Improvement > Hardware > Building Materials > Lumber & Composites > Lumber > Plywood & Engineered Wood > Plywood	Banner	0.5	36	24	0.125	vinyl-banners		adult	unisex	13oz Scrim Vinyl		White	Custom	New		No	No		Free shipping on orders over $100	US		Standard	2-3 business days		Boston	MA		+1-617-555-0123				None	1-2 business days	2-3 business days	UPS	Ground	Standard	No	No	Yes	Yes	Yes	Yes	Yes	Yes		https://buyprintz.com/tracking	Yes	Yes		+1-617-555-0123		Return within 30 days	Contact customer service	None	1-2 business days	3-5 business days	UPS	Ground	Standard	No	No	Yes	Yes	Yes	Yes	Yes	Yes		https://buyprintz.com/return-tracking	Yes	Yes
vinyl-18oz	18oz Blocked Banner	18 oz matte blockout banner - Full color UV printed, indoor and outdoor ready	2.50	new	https://buyprintz.com/product/vinyl-18oz	in_stock	https://buyprintz.com/assets/images/blockout Banner -BuyPrintz.jpg	BuyPrintz		BP-VB-18OZ	Home & Garden > Home Improvement > Hardware > Building Materials > Lumber & Composites > Lumber > Plywood & Engineered Wood > Plywood	Banner	0.6	36	24	0.15	vinyl-banners		adult	unisex	18oz Matte Blockout Vinyl		White	Custom	New		No	No		Free shipping on orders over $100	US		Standard	2-3 business days		Boston	MA		+1-617-555-0123				None	1-2 business days	2-3 business days	UPS	Ground	Standard	No	No	Yes	Yes	Yes	Yes	Yes	Yes		https://buyprintz.com/tracking	Yes	Yes		+1-617-555-0123		Return within 30 days	Contact customer service	None	1-2 business days	3-5 business days	UPS	Ground	Standard	No	No	Yes	Yes	Yes	Yes	Yes	Yes		https://buyprintz.com/return-tracking	Yes	Yes
mesh-banner	Mesh Banner	Best seller for windy conditions with 70% air flow for reduced wind load	1.80	new	https://buyprintz.com/product/mesh-banner	in_stock	https://buyprintz.com/assets/images/Mesh Banner - BuyPrintz.jpg	BuyPrintz		BP-MB-001	Home & Garden > Home Improvement > Hardware > Building Materials > Lumber & Composites > Lumber > Plywood & Engineered Wood > Plywood	Banner	0.4	36	24	0.1	vinyl-banners		adult	unisex	Mesh Vinyl		White	Custom	New		No	No		Free shipping on orders over $100	US		Standard	2-3 business days		Boston	MA		+1-617-555-0123				None	1-2 business days	2-3 business days	UPS	Ground	Standard	No	No	Yes	Yes	Yes	Yes	Yes	Yes		https://buyprintz.com/tracking	Yes	Yes		+1-617-555-0123		Return within 30 days	Contact customer service	None	1-2 business days	3-5 business days	UPS	Ground	Standard	No	No	Yes	Yes	Yes	Yes	Yes	Yes		https://buyprintz.com/return-tracking	Yes	Yes
indoor-banner	Indoor Banner	Full and smooth surface vinyl - great for indoor displays and presentations	2.50	new	https://buyprintz.com/product/indoor-banner	in_stock	https://buyprintz.com/assets/images/Indoor Banner - BuyPrintz.jpg	BuyPrintz		BP-IB-001	Home & Garden > Home Improvement > Hardware > Building Materials > Lumber & Composites > Lumber > Plywood & Engineered Wood > Plywood	Banner	0.3	36	24	0.08	vinyl-banners		adult	unisex	Smooth Vinyl		White	Custom	New		No	No		Free shipping on orders over $100	US		Standard	2-3 business days		Boston	MA		+1-617-555-0123				None	1-2 business days	2-3 business days	UPS	Ground	Standard	No	No	Yes	Yes	Yes	Yes	Yes	Yes		https://buyprintz.com/tracking	Yes	Yes		+1-617-555-0123		Return within 30 days	Contact customer service	None	1-2 business days	3-5 business days	UPS	Ground	Standard	No	No	Yes	Yes	Yes	Yes	Yes	Yes		https://buyprintz.com/return-tracking	Yes	Yes
pole-banner	Pole Banner	Durable fit banners ready to install with complete hardware kit included	3.00	new	https://buyprintz.com/product/pole-banner	in_stock	https://buyprintz.com/assets/images/Pole Banner - BuyPrintz.jpg	BuyPrintz		BP-PB-001	Home & Garden > Home Improvement > Hardware > Building Materials > Lumber & Composites > Lumber > Plywood & Engineered Wood > Plywood	Banner	1.2	48	36	0.25	specialty-banners		adult	unisex	18oz Vinyl		White	Custom	New		No	No		Free shipping on orders over $100	US		Standard	2-3 business days		Boston	MA		+1-617-555-0123				None	1-2 business days	2-3 business days	UPS	Ground	Standard	No	No	Yes	Yes	Yes	Yes	Yes	Yes		https://buyprintz.com/tracking	Yes	Yes		+1-617-555-0123		Return within 30 days	Contact customer service	None	1-2 business days	3-5 business days	UPS	Ground	Standard	No	No	Yes	Yes	Yes	Yes	Yes	Yes		https://buyprintz.com/return-tracking	Yes	Yes
fabric-9oz	9oz Fabric Banner	Lightweight fabric banner with vibrant dye sublimation printing for premium presentations	2.75	new	https://buyprintz.com/product/fabric-9oz	in_stock	https://buyprintz.com/assets/images/9oz Fabric Banner - BuyPrintz.jpg	BuyPrintz		BP-FB-9OZ	Home & Garden > Home Improvement > Hardware > Building Materials > Lumber & Composites > Lumber > Plywood & Engineered Wood > Plywood	Banner	0.2	36	24	0.05	fabric-banners		adult	unisex	9oz Polyester Fabric		White	Custom	New		No	No		Free shipping on orders over $100	US		Standard	2-3 business days		Boston	MA		+1-617-555-0123				None	1-2 business days	2-3 business days	UPS	Ground	Standard	No	No	Yes	Yes	Yes	Yes	Yes	Yes		https://buyprintz.com/tracking	Yes	Yes		+1-617-555-0123		Return within 30 days	Contact customer service	None	1-2 business days	3-5 business days	UPS	Ground	Standard	No	No	Yes	Yes	Yes	Yes	Yes	Yes		https://buyprintz.com/return-tracking	Yes	Yes
fabric-blockout	Fabric Banner (9.5oz Blockout)	Premium blockout fabric with superior color blocking and professional finish	7.00	new	https://buyprintz.com/product/fabric-blockout	in_stock	https://buyprintz.com/assets/images/Fabric Banner (9.5oz. Blockout) - BuyPrintz.jpg	BuyPrintz		BP-FB-95OZ	Home & Garden > Home Improvement > Hardware > Building Materials > Lumber & Composites > Lumber > Plywood & Engineered Wood > Plywood	Banner	0.3	36	24	0.08	fabric-banners		adult	unisex	9.5oz Blockout Fabric		White	Custom	New		No	No		Free shipping on orders over $100	US		Standard	2-3 business days		Boston	MA		+1-617-555-0123				None	1-2 business days	2-3 business days	UPS	Ground	Standard	No	No	Yes	Yes	Yes	Yes	Yes	Yes		https://buyprintz.com/tracking	Yes	Yes		+1-617-555-0123		Return within 30 days	Contact customer service	None	1-2 business days	3-5 business days	UPS	Ground	Standard	No	No	Yes	Yes	Yes	Yes	Yes	Yes		https://buyprintz.com/return-tracking	Yes	Yes
tension-fabric	Tension Fabric	3-way stretch material perfect for kiosks, displays, and modern installations	5.15	new	https://buyprintz.com/product/tension-fabric	in_stock	https://buyprintz.com/assets/images/Tension Fabric - Buy Printz.jpg	BuyPrintz		BP-TF-001	Home & Garden > Home Improvement > Hardware > Building Materials > Lumber & Composites > Lumber > Plywood & Engineered Wood > Plywood	Banner	0.15	36	24	0.03	fabric-banners		adult	unisex	Stretch Polyester		White	Custom	New		No	No		Free shipping on orders over $100	US		Standard	2-3 business days		Boston	MA		+1-617-555-0123				None	1-2 business days	2-3 business days	UPS	Ground	Standard	No	No	Yes	Yes	Yes	Yes	Yes	Yes		https://buyprintz.com/tracking	Yes	Yes		+1-617-555-0123		Return within 30 days	Contact customer service	None	1-2 business days	3-5 business days	UPS	Ground	Standard	No	No	Yes	Yes	Yes	Yes	Yes	Yes		https://buyprintz.com/return-tracking	Yes	Yes
backlit-banner	Backlit Banner	18oz translucent vinyl for illuminated signage with even light distribution	7.00	new	https://buyprintz.com/product/backlit-banner	in_stock	https://buyprintz.com/assets/images/Backlit Banner -BuyPrintz.jpg	BuyPrintz		BP-BB-001	Home & Garden > Home Improvement > Hardware > Building Materials > Lumber & Composites > Lumber > Plywood & Engineered Wood > Plywood	Banner	0.4	36	24	0.1	specialty-banners		adult	unisex	Translucent Vinyl		White	Custom	New		No	No		Free shipping on orders over $100	US		Standard	2-3 business days		Boston	MA		+1-617-555-0123				None	1-2 business days	2-3 business days	UPS	Ground	Standard	No	No	Yes	Yes	Yes	Yes	Yes	Yes		https://buyprintz.com/tracking	Yes	Yes		+1-617-555-0123		Return within 30 days	Contact customer service	None	1-2 business days	3-5 business days	UPS	Ground	Standard	No	No	Yes	Yes	Yes	Yes	Yes	Yes		https://buyprintz.com/return-tracking	Yes	Yes
tin-silver	Business Card Tins - Silver	Premium silver aluminum business card tins with custom vinyl stickers - perfect for professional networking (100 unit minimum)	399.99	new	https://buyprintz.com/business-card-tins	in_stock	https://buyprintz.com/assets/images/silvertin-buyprintz.jpg	BuyPrintz		BP-TIN-SILVER	Office Products > Office Supplies > Paper Products > Business Cards	Business Card Tins	2.5	4	3	1	business-card-tins		adult	unisex	Premium Silver Aluminum		Silver	Custom	New		No	No		Free shipping on orders over $100	US		Standard	2-3 business days		Boston	MA		+1-617-555-0123				None	1-2 business days	2-3 business days	UPS	Ground	Standard	No	No	Yes	Yes	Yes	Yes	Yes	Yes		https://buyprintz.com/tracking	Yes	Yes		+1-617-555-0123		Return within 30 days	Contact customer service	None	1-2 business days	3-5 business days	UPS	Ground	Standard	No	No	Yes	Yes	Yes	Yes	Yes	Yes		https://buyprintz.com/return-tracking	Yes	Yes
tin-black	Business Card Tins - Black	Sleek black aluminum business card tins with custom vinyl stickers - modern and sophisticated (100 unit minimum)	425.00	new	https://buyprintz.com/business-card-tins	in_stock	https://buyprintz.com/assets/images/black tins-buyprintz.jpg	BuyPrintz		BP-TIN-BLACK	Office Products > Office Supplies > Paper Products > Business Cards	Business Card Tins	2.5	4	3	1	business-card-tins		adult	unisex	Premium Black Aluminum		Black	Custom	New		No	No		Free shipping on orders over $100	US		Standard	2-3 business days		Boston	MA		+1-617-555-0123				None	1-2 business days	2-3 business days	UPS	Ground	Standard	No	No	Yes	Yes	Yes	Yes	Yes	Yes		https://buyprintz.com/tracking	Yes	Yes		+1-617-555-0123		Return within 30 days	Contact customer service	None	1-2 business days	3-5 business days	UPS	Ground	Standard	No	No	Yes	Yes	Yes	Yes	Yes	Yes		https://buyprintz.com/return-tracking	Yes	Yes
tin-gold	Business Card Tins - Gold	Luxurious gold aluminum business card tins with custom vinyl stickers - premium and elegant (100 unit minimum)	450.00	new	https://buyprintz.com/business-card-tins	in_stock	https://buyprintz.com/assets/images/gold tins-buyprintz.jpg	BuyPrintz		BP-TIN-GOLD	Office Products > Office Supplies > Paper Products > Business Cards	Business Card Tins	2.5	4	3	1	business-card-tins		adult	unisex	Premium Gold Aluminum		Gold	Custom	New		No	No		Free shipping on orders over $100	US		Standard	2-3 business days		Boston	MA		+1-617-555-0123				None	1-2 business days	2-3 business days	UPS	Ground	Standard	No	No	Yes	Yes	Yes	Yes	Yes	Yes		https://buyprintz.com/tracking	Yes	Yes		+1-617-555-0123		Return within 30 days	Contact customer service	None	1-2 business days	3-5 business days	UPS	Ground	Standard	No	No	Yes	Yes	Yes	Yes	Yes	Yes		https://buyprintz.com/return-tracking	Yes	Yes
tent-canopy-only	10x10 Complete Tent (Canopy Only)	Complete tent package with frame and canopy. Perfect starter option with professional aluminum frame and custom dye sublimated canopy graphics.	325.00	new	https://buyprintz.com/tradeshow-tents	in_stock	https://buyprintz.com/assets/images/Tent_only-buyprintz.jpg	BuyPrintz		BP-TENT-10X10-CANOPY	Sports & Outdoors > Outdoor Recreation > Camping & Hiking > Tents & Shelters > Tents	Trade Show Tent	51	120	120	137	tradeshow-tents		adult	unisex	6oz Tent Fabric (600x600 denier)		White	10x10	New		No	No		Free shipping on orders over $100	US		Standard	2-3 business days		Boston	MA		+1-617-555-0123				None	1-2 business days	2-3 business days	UPS	Ground	Standard	No	No	Yes	Yes	Yes	Yes	Yes	Yes		https://buyprintz.com/tracking	Yes	Yes		+1-617-555-0123		Return within 30 days	Contact customer service	None	1-2 business days	3-5 business days	UPS	Ground	Standard	No	No	Yes	Yes	Yes	Yes	Yes	Yes		https://buyprintz.com/return-tracking	Yes	Yes
tent-with-walls	10x10 Complete Tent + Walls	Complete tent with frame, canopy, and wall options. Enhanced coverage with sidewalls and/or backwall for maximum branding and protection.	750.00	new	https://buyprintz.com/tradeshow-tents	in_stock	https://buyprintz.com/assets/images/tent_complete-buyprintz.jpg	BuyPrintz		BP-TENT-10X10-WALLS	Sports & Outdoors > Outdoor Recreation > Camping & Hiking > Tents & Shelters > Tents	Trade Show Tent	58	120	120	137	tradeshow-tents		adult	unisex	6oz Tent Fabric (600x600 denier)		White	10x10	New		No	No		Free shipping on orders over $100	US		Standard	2-3 business days		Boston	MA		+1-617-555-0123				None	1-2 business days	2-3 business days	UPS	Ground	Standard	No	No	Yes	Yes	Yes	Yes	Yes	Yes		https://buyprintz.com/tracking	Yes	Yes		+1-617-555-0123		Return within 30 days	Contact customer service	None	1-2 business days	3-5 business days	UPS	Ground	Standard	No	No	Yes	Yes	Yes	Yes	Yes	Yes		https://buyprintz.com/return-tracking	Yes	Yes
abstract-1	TinSkinz Abstract 1	Pre-designed tin with abstract art design, perfect for birthdays, events, and special occasions. Includes candy and custom message option.	9.99	new	https://buyprintz.com/tin-skinz	in_stock	https://buyprintz.com/assets/tin-skinz/designs/Abstract-Art/Abstract Art/Abstract 1_Front.png	TinSkinz		TS-ABSTRACT-1	Food, Beverages & Tobacco > Food Items > Candy & Chocolate > Candy	TinSkinz	0.2	3	2	1	tinskinz-abstract-art	https://buyprintz.com/assets/tin-skinz/designs/Abstract-Art/Abstract Art/Abstract 1_Back.png	adult	unisex	Aluminum	Abstract Art	Multi	Standard	New		No	No		Free shipping on orders over $100	US		Standard	2-3 business days		Boston	MA		+1-617-555-0123				None	1-2 business days	2-3 business days	UPS	Ground	Standard	No	No	Yes	Yes	Yes	Yes	Yes	Yes		https://buyprintz.com/tracking	Yes	Yes		+1-617-555-0123			Return within 30 days	None	1-2 business days	3-5 business days	UPS	Ground	Standard	No	No	Yes	Yes	Yes	Yes	Yes	Yes		https://buyprintz.com/return-tracking	Yes	Yes
abstract-2	TinSkinz Abstract 2	Pre-designed tin with abstract art design, perfect for birthdays, events, and special occasions. Includes candy and custom message option.	9.99	new	https://buyprintz.com/tin-skinz	in_stock	https://buyprintz.com/assets/tin-skinz/designs/Abstract-Art/Abstract Art/Abstract 2_Front.png	TinSkinz		TS-ABSTRACT-2	Food, Beverages & Tobacco > Food Items > Candy & Chocolate > Candy	TinSkinz	0.2	3	2	1	tinskinz-abstract-art	https://buyprintz.com/assets/tin-skinz/designs/Abstract-Art/Abstract Art/Abstract 2_Back.png	adult	unisex	Aluminum	Abstract Art	Multi	Standard	New		No	No		Free shipping on orders over $100	US		Standard	2-3 business days		Boston	MA		+1-617-555-0123				None	1-2 business days	2-3 business days	UPS	Ground	Standard	No	No	Yes	Yes	Yes	Yes	Yes	Yes		https://buyprintz.com/tracking	Yes	Yes		+1-617-555-0123			Return within 30 days	None	1-2 business days	3-5 business days	UPS	Ground	Standard	No	No	Yes	Yes	Yes	Yes	Yes	Yes		https://buyprintz.com/return-tracking	Yes	Yes
abstract-3	TinSkinz Abstract 3	Pre-designed tin with abstract art design, perfect for birthdays, events, and special occasions. Includes candy and custom message option.	9.99	new	https://buyprintz.com/tin-skinz	in_stock	https://buyprintz.com/assets/tin-skinz/designs/Abstract-Art/Abstract Art/Abstract 3_Front.png	TinSkinz		TS-ABSTRACT-3	Food, Beverages & Tobacco > Food Items > Candy & Chocolate > Candy	TinSkinz	0.2	3	2	1	tinskinz-abstract-art	https://buyprintz.com/assets/tin-skinz/designs/Abstract-Art/Abstract Art/Abstract 3_Back.png	adult	unisex	Aluminum	Abstract Art	Multi	Standard	New		No	No		Free shipping on orders over $100	US		Standard	2-3 business days		Boston	MA		+1-617-555-0123				None	1-2 business days	2-3 business days	UPS	Ground	Standard	No	No	Yes	Yes	Yes	Yes	Yes	Yes		https://buyprintz.com/tracking	Yes	Yes		+1-617-555-0123			Return within 30 days	None	1-2 business days	3-5 business days	UPS	Ground	Standard	No	No	Yes	Yes	Yes	Yes	Yes	Yes		https://buyprintz.com/return-tracking	Yes	Yes
abstract-4	TinSkinz Abstract 4	Pre-designed tin with abstract art design, perfect for birthdays, events, and special occasions. Includes candy and custom message option.	9.99	new	https://buyprintz.com/tin-skinz	in_stock	https://buyprintz.com/assets/tin-skinz/designs/Abstract-Art/Abstract Art/Abstract 4_Front.png	TinSkinz		TS-ABSTRACT-4	Food, Beverages & Tobacco > Food Items > Candy & Chocolate > Candy	TinSkinz	0.2	3	2	1	tinskinz-abstract-art	https://buyprintz.com/assets/tin-skinz/designs/Abstract-Art/Abstract Art/Abstract 4_Back.png	adult	unisex	Aluminum	Abstract Art	Multi	Standard	New		No	No		Free shipping on orders over $100	US		Standard	2-3 business days		Boston	MA		+1-617-555-0123				None	1-2 business days	2-3 business days	UPS	Ground	Standard	No	No	Yes	Yes	Yes	Yes	Yes	Yes		https://buyprintz.com/tracking	Yes	Yes		+1-617-555-0123			Return within 30 days	None	1-2 business days	3-5 business days	UPS	Ground	Standard	No	No	Yes	Yes	Yes	Yes	Yes	Yes		https://buyprintz.com/return-tracking	Yes	Yes
abstract-5	TinSkinz Abstract 5	Pre-designed tin with abstract art design, perfect for birthdays, events, and special occasions. Includes candy and custom message option.	9.99	new	https://buyprintz.com/tin-skinz	in_stock	https://buyprintz.com/assets/tin-skinz/designs/Abstract-Art/Abstract Art/Abstract 5_Front.png	TinSkinz		TS-ABSTRACT-5	Food, Beverages & Tobacco > Food Items > Candy & Chocolate > Candy	TinSkinz	0.2	3	2	1	tinskinz-abstract-art	https://buyprintz.com/assets/tin-skinz/designs/Abstract-Art/Abstract Art/Abstract 5_Back.png	adult	unisex	Aluminum	Abstract Art	Multi	Standard	New		No	No		Free shipping on orders over $100	US		Standard	2-3 business days		Boston	MA		+1-617-555-0123				None	1-2 business days	2-3 business days	UPS	Ground	Standard	No	No	Yes	Yes	Yes	Yes	Yes	Yes		https://buyprintz.com/tracking	Yes	Yes		+1-617-555-0123			Return within 30 days	None	1-2 business days	3-5 business days	UPS	Ground	Standard	No	No	Yes	Yes	Yes	Yes	Yes	Yes		https://buyprintz.com/return-tracking	Yes	Yes
abstract-6	TinSkinz Abstract 6	Pre-designed tin with abstract art design, perfect for birthdays, events, and special occasions. Includes candy and custom message option.	9.99	new	https://buyprintz.com/tin-skinz	in_stock	https://buyprintz.com/assets/tin-skinz/designs/Abstract-Art/Abstract Art/Abstract 6_Front.png	TinSkinz		TS-ABSTRACT-6	Food, Beverages & Tobacco > Food Items > Candy & Chocolate > Candy	TinSkinz	0.2	3	2	1	tinskinz-abstract-art	https://buyprintz.com/assets/tin-skinz/designs/Abstract-Art/Abstract Art/Abstract 6_Back.png	adult	unisex	Aluminum	Abstract Art	Multi	Standard	New		No	No		Free shipping on orders over $100	US		Standard	2-3 business days		Boston	MA		+1-617-555-0123				None	1-2 business days	2-3 business days	UPS	Ground	Standard	No	No	Yes	Yes	Yes	Yes	Yes	Yes		https://buyprintz.com/tracking	Yes	Yes		+1-617-555-0123			Return within 30 days	None	1-2 business days	3-5 business days	UPS	Ground	Standard	No	No	Yes	Yes	Yes	Yes	Yes	Yes		https://buyprintz.com/return-tracking	Yes	Yes
abstract-9	TinSkinz Abstract 9	Pre-designed tin with abstract art design, perfect for birthdays, events, and special occasions. Includes candy and custom message option.	9.99	new	https://buyprintz.com/tin-skinz	in_stock	https://buyprintz.com/assets/tin-skinz/designs/Abstract-Art/Abstract Art/Abstract 9_Front.png	TinSkinz		TS-ABSTRACT-9	Food, Beverages & Tobacco > Food Items > Candy & Chocolate > Candy	TinSkinz	0.2	3	2	1	tinskinz-abstract-art	https://buyprintz.com/assets/tin-skinz/designs/Abstract-Art/Abstract Art/Abstract 9_Back.png	adult	unisex	Aluminum	Abstract Art	Multi	Standard	New		No	No		Free shipping on orders over $100	US		Standard	2-3 business days		Boston	MA		+1-617-555-0123				None	1-2 business days	2-3 business days	UPS	Ground	Standard	No	No	Yes	Yes	Yes	Yes	Yes	Yes		https://buyprintz.com/tracking	Yes	Yes		+1-617-555-0123			Return within 30 days	None	1-2 business days	3-5 business days	UPS	Ground	Standard	No	No	Yes	Yes	Yes	Yes	Yes	Yes		https://buyprintz.com/return-tracking	Yes	Yes
abstract-10	TinSkinz Abstract 10	Pre-designed tin with abstract art design, perfect for birthdays, events, and special occasions. Includes candy and custom message option.	9.99	new	https://buyprintz.com/tin-skinz	in_stock	https://buyprintz.com/assets/tin-skinz/designs/Abstract-Art/Abstract Art/Abstract 10_Front.png	TinSkinz		TS-ABSTRACT-10	Food, Beverages & Tobacco > Food Items > Candy & Chocolate > Candy	TinSkinz	0.2	3	2	1	tinskinz-abstract-art	https://buyprintz.com/assets/tin-skinz/designs/Abstract-Art/Abstract Art/Abstract 10_Back.png	adult	unisex	Aluminum	Abstract Art	Multi	Standard	New		No	No		Free shipping on orders over $100	US		Standard	2-3 business days		Boston	MA		+1-617-555-0123				None	1-2 business days	2-3 business days	UPS	Ground	Standard	No	No	Yes	Yes	Yes	Yes	Yes	Yes		https://buyprintz.com/tracking	Yes	Yes		+1-617-555-0123			Return within 30 days	None	1-2 business days	3-5 business days	UPS	Ground	Standard	No	No	Yes	Yes	Yes	Yes	Yes	Yes		https://buyprintz.com/return-tracking	Yes	Yes
abstract-11	TinSkinz Abstract 11	Pre-designed tin with abstract art design, perfect for birthdays, events, and special occasions. Includes candy and custom message option.	9.99	new	https://buyprintz.com/tin-skinz	in_stock	https://buyprintz.com/assets/tin-skinz/designs/Abstract-Art/Abstract Art/Abstract 11_Front.png	TinSkinz		TS-ABSTRACT-11	Food, Beverages & Tobacco > Food Items > Candy & Chocolate > Candy	TinSkinz	0.2	3	2	1	tinskinz-abstract-art	https://buyprintz.com/assets/tin-skinz/designs/Abstract-Art/Abstract Art/Abstract 11_Back.png	adult	unisex	Aluminum	Abstract Art	Multi	Standard	New		No	No		Free shipping on orders over $100	US		Standard	2-3 business days		Boston	MA		+1-617-555-0123				None	1-2 business days	2-3 business days	UPS	Ground	Standard	No	No	Yes	Yes	Yes	Yes	Yes	Yes		https://buyprintz.com/tracking	Yes	Yes		+1-617-555-0123			Return within 30 days	None	1-2 business days	3-5 business days	UPS	Ground	Standard	No	No	Yes	Yes	Yes	Yes	Yes	Yes		https://buyprintz.com/return-tracking	Yes	Yes
abstract-12	TinSkinz Abstract 12	Pre-designed tin with abstract art design, perfect for birthdays, events, and special occasions. Includes candy and custom message option.	9.99	new	https://buyprintz.com/tin-skinz	in_stock	https://buyprintz.com/assets/tin-skinz/designs/Abstract-Art/Abstract Art/Abstract 12_Front.png	TinSkinz		TS-ABSTRACT-12	Food, Beverages & Tobacco > Food Items > Candy & Chocolate > Candy	TinSkinz	0.2	3	2	1	tinskinz-abstract-art	https://buyprintz.com/assets/tin-skinz/designs/Abstract-Art/Abstract Art/Abstract 12_Back.png	adult	unisex	Aluminum	Abstract Art	Multi	Standard	New		No	No		Free shipping on orders over $100	US		Standard	2-3 business days		Boston	MA		+1-617-555-0123				None	1-2 business days	2-3 business days	UPS	Ground	Standard	No	No	Yes	Yes	Yes	Yes	Yes	Yes		https://buyprintz.com/tracking	Yes	Yes		+1-617-555-0123			Return within 30 days	None	1-2 business days	3-5 business days	UPS	Ground	Standard	No	No	Yes	Yes	Yes	Yes	Yes	Yes		https://buyprintz.com/return-tracking	Yes	Yes
abstract-16	TinSkinz Abstract 16	Pre-designed tin with abstract art design, perfect for birthdays, events, and special occasions. Includes candy and custom message option.	9.99	new	https://buyprintz.com/tin-skinz	in_stock	https://buyprintz.com/assets/tin-skinz/designs/Abstract-Art/Abstract Art/Abstract 16_Front.png	TinSkinz		TS-ABSTRACT-16	Food, Beverages & Tobacco > Food Items > Candy & Chocolate > Candy	TinSkinz	0.2	3	2	1	tinskinz-abstract-art	https://buyprintz.com/assets/tin-skinz/designs/Abstract-Art/Abstract Art/Abstract 16_Back.png	adult	unisex	Aluminum	Abstract Art	Multi	Standard	New		No	No		Free shipping on orders over $100	US		Standard	2-3 business days		Boston	MA		+1-617-555-0123				None	1-2 business days	2-3 business days	UPS	Ground	Standard	No	No	Yes	Yes	Yes	Yes	Yes	Yes		https://buyprintz.com/tracking	Yes	Yes		+1-617-555-0123			Return within 30 days	None	1-2 business days	3-5 business days	UPS	Ground	Standard	No	No	Yes	Yes	Yes	Yes	Yes	Yes		https://buyprintz.com/return-tracking	Yes	Yes
abstract-17	TinSkinz Abstract 17	Pre-designed tin with abstract art design, perfect for birthdays, events, and special occasions. Includes candy and custom message option.	9.99	new	https://buyprintz.com/tin-skinz	in_stock	https://buyprintz.com/assets/tin-skinz/designs/Abstract-Art/Abstract Art/Abstract 17_Front.png	TinSkinz		TS-ABSTRACT-17	Food, Beverages & Tobacco > Food Items > Candy & Chocolate > Candy	TinSkinz	0.2	3	2	1	tinskinz-abstract-art	https://buyprintz.com/assets/tin-skinz/designs/Abstract-Art/Abstract Art/Abstract 17_Back.png	adult	unisex	Aluminum	Abstract Art	Multi	Standard	New		No	No		Free shipping on orders over $100	US		Standard	2-3 business days		Boston	MA		+1-617-555-0123				None	1-2 business days	2-3 business days	UPS	Ground	Standard	No	No	Yes	Yes	Yes	Yes	Yes	Yes		https://buyprintz.com/tracking	Yes	Yes		+1-617-555-0123			Return within 30 days	None	1-2 business days	3-5 business days	UPS	Ground	Standard	No	No	Yes	Yes	Yes	Yes	Yes	Yes		https://buyprintz.com/return-tracking	Yes	Yes
cancer	TinSkinz Cancer	Pre-designed tin with zodiac design, perfect for birthdays, events, and special occasions. Includes candy and custom message option.	9.99	new	https://buyprintz.com/tin-skinz	in_stock	https://buyprintz.com/assets/tin-skinz/designs/Zodiac/Zodiac/Cancer_Front.png	TinSkinz		TS-CANCER	Food, Beverages & Tobacco > Food Items > Candy & Chocolate > Candy	TinSkinz	0.2	3	2	1	tinskinz-zodiac	https://buyprintz.com/assets/tin-skinz/designs/Zodiac/Zodiac/Cancer_Back.png	adult	unisex	Aluminum	Zodiac	Multi	Standard	New		No	No		Free shipping on orders over $100	US		Standard	2-3 business days		Boston	MA		+1-617-555-0123				None	1-2 business days	2-3 business days	UPS	Ground	Standard	No	No	Yes	Yes	Yes	Yes	Yes	Yes		https://buyprintz.com/tracking	Yes	Yes		+1-617-555-0123			Return within 30 days	None	1-2 business days	3-5 business days	UPS	Ground	Standard	No	No	Yes	Yes	Yes	Yes	Yes	Yes		https://buyprintz.com/return-tracking	Yes	Yes
taurus	TinSkinz Taurus	Pre-designed tin with zodiac design, perfect for birthdays, events, and special occasions. Includes candy and custom message option.	9.99	new	https://buyprintz.com/tin-skinz	in_stock	https://buyprintz.com/assets/tin-skinz/designs/Zodiac/Zodiac/Taurus_Front.png	TinSkinz		TS-TAURUS	Food, Beverages & Tobacco > Food Items > Candy & Chocolate > Candy	TinSkinz	0.2	3	2	1	tinskinz-zodiac	https://buyprintz.com/assets/tin-skinz/designs/Zodiac/Zodiac/Taurus_Back.png	adult	unisex	Aluminum	Zodiac	Multi	Standard	New		No	No		Free shipping on orders over $100	US		Standard	2-3 business days		Boston	MA		+1-617-555-0123				None	1-2 business days	2-3 business days	UPS	Ground	Standard	No	No	Yes	Yes	Yes	Yes	Yes	Yes		https://buyprintz.com/tracking	Yes	Yes		+1-617-555-0123			Return within 30 days	None	1-2 business days	3-5 business days	UPS	Ground	Standard	No	No	Yes	Yes	Yes	Yes	Yes	Yes		https://buyprintz.com/return-tracking	Yes	Yes
capricornus	TinSkinz Capricorn	Pre-designed tin with zodiac design, perfect for birthdays, events, and special occasions. Includes candy and custom message option.	9.99	new	https://buyprintz.com/tin-skinz	in_stock	https://buyprintz.com/assets/tin-skinz/designs/Zodiac/Zodiac/Capricorn_Front.png	TinSkinz		TS-CAPRICORNUS	Food, Beverages & Tobacco > Food Items > Candy & Chocolate > Candy	TinSkinz	0.2	3	2	1	tinskinz-zodiac	https://buyprintz.com/assets/tin-skinz/designs/Zodiac/Zodiac/Capricorn_Back.png	adult	unisex	Aluminum	Zodiac	Multi	Standard	New		No	No		Free shipping on orders over $100	US		Standard	2-3 business days		Boston	MA		+1-617-555-0123				None	1-2 business days	2-3 business days	UPS	Ground	Standard	No	No	Yes	Yes	Yes	Yes	Yes	Yes		https://buyprintz.com/tracking	Yes	Yes		+1-617-555-0123			Return within 30 days	None	1-2 business days	3-5 business days	UPS	Ground	Standard	No	No	Yes	Yes	Yes	Yes	Yes	Yes		https://buyprintz.com/return-tracking	Yes	Yes
pisces	TinSkinz Pisces	Pre-designed tin with zodiac design, perfect for birthdays, events, and special occasions. Includes candy and custom message option.	9.99	new	https://buyprintz.com/tin-skinz	in_stock	https://buyprintz.com/assets/tin-skinz/designs/Zodiac/Zodiac/Pisces_Front.png	TinSkinz		TS-PISCES	Food, Beverages & Tobacco > Food Items > Candy & Chocolate > Candy	TinSkinz	0.2	3	2	1	tinskinz-zodiac	https://buyprintz.com/assets/tin-skinz/designs/Zodiac/Zodiac/Pisces_Back.png	adult	unisex	Aluminum	Zodiac	Multi	Standard	New		No	No		Free shipping on orders over $100	US		Standard	2-3 business days		Boston	MA		+1-617-555-0123				None	1-2 business days	2-3 business days	UPS	Ground	Standard	No	No	Yes	Yes	Yes	Yes	Yes	Yes		https://buyprintz.com/tracking	Yes	Yes		+1-617-555-0123			Return within 30 days	None	1-2 business days	3-5 business days	UPS	Ground	Standard	No	No	Yes	Yes	Yes	Yes	Yes	Yes		https://buyprintz.com/return-tracking	Yes	Yes
leo	TinSkinz Leo	Pre-designed tin with zodiac design, perfect for birthdays, events, and special occasions. Includes candy and custom message option.	9.99	new	https://buyprintz.com/tin-skinz	in_stock	https://buyprintz.com/assets/tin-skinz/designs/Zodiac/Zodiac/Leo_Front.png	TinSkinz		TS-LEO	Food, Beverages & Tobacco > Food Items > Candy & Chocolate > Candy	TinSkinz	0.2	3	2	1	tinskinz-zodiac	https://buyprintz.com/assets/tin-skinz/designs/Zodiac/Zodiac/Leo_Back.png	adult	unisex	Aluminum	Zodiac	Multi	Standard	New		No	No		Free shipping on orders over $100	US		Standard	2-3 business days		Boston	MA		+1-617-555-0123				None	1-2 business days	2-3 business days	UPS	Ground	Standard	No	No	Yes	Yes	Yes	Yes	Yes	Yes		https://buyprintz.com/tracking	Yes	Yes		+1-617-555-0123			Return within 30 days	None	1-2 business days	3-5 business days	UPS	Ground	Standard	No	No	Yes	Yes	Yes	Yes	Yes	Yes		https://buyprintz.com/return-tracking	Yes	Yes
aquarius	TinSkinz Aquarius	Pre-designed tin with zodiac design, perfect for birthdays, events, and special occasions. Includes candy and custom message option.	9.99	new	https://buyprintz.com/tin-skinz	in_stock	https://buyprintz.com/assets/tin-skinz/designs/Zodiac/Zodiac/Aquarius_Front.png	TinSkinz		TS-AQUARIUS	Food, Beverages & Tobacco > Food Items > Candy & Chocolate > Candy	TinSkinz	0.2	3	2	1	tinskinz-zodiac	https://buyprintz.com/assets/tin-skinz/designs/Zodiac/Zodiac/Aquarius_Back.png	adult	unisex	Aluminum	Zodiac	Multi	Standard	New		No	No		Free shipping on orders over $100	US		Standard	2-3 business days		Boston	MA		+1-617-555-0123				None	1-2 business days	2-3 business days	UPS	Ground	Standard	No	No	Yes	Yes	Yes	Yes	Yes	Yes		https://buyprintz.com/tracking	Yes	Yes		+1-617-555-0123			Return within 30 days	None	1-2 business days	3-5 business days	UPS	Ground	Standard	No	No	Yes	Yes	Yes	Yes	Yes	Yes		https://buyprintz.com/return-tracking	Yes	Yes
libra	TinSkinz Libra	Pre-designed tin with zodiac design, perfect for birthdays, events, and special occasions. Includes candy and custom message option.	9.99	new	https://buyprintz.com/tin-skinz	in_stock	https://buyprintz.com/assets/tin-skinz/designs/Zodiac/Zodiac/Libra_Front.png	TinSkinz		TS-LIBRA	Food, Beverages & Tobacco > Food Items > Candy & Chocolate > Candy	TinSkinz	0.2	3	2	1	tinskinz-zodiac	https://buyprintz.com/assets/tin-skinz/designs/Zodiac/Zodiac/Libra_Back.png	adult	unisex	Aluminum	Zodiac	Multi	Standard	New		No	No		Free shipping on orders over $100	US		Standard	2-3 business days		Boston	MA		+1-617-555-0123				None	1-2 business days	2-3 business days	UPS	Ground	Standard	No	No	Yes	Yes	Yes	Yes	Yes	Yes		https://buyprintz.com/tracking	Yes	Yes		+1-617-555-0123			Return within 30 days	None	1-2 business days	3-5 business days	UPS	Ground	Standard	No	No	Yes	Yes	Yes	Yes	Yes	Yes		https://buyprintz.com/return-tracking	Yes	Yes
sagittarius	TinSkinz Sagittarius	Pre-designed tin with zodiac design, perfect for birthdays, events, and special occasions. Includes candy and custom message option.	9.99	new	https://buyprintz.com/tin-skinz	in_stock	https://buyprintz.com/assets/tin-skinz/designs/Zodiac/Zodiac/Sagittarius_Front.png	TinSkinz		TS-SAGITTARIUS	Food, Beverages & Tobacco > Food Items > Candy & Chocolate > Candy	TinSkinz	0.2	3	2	1	tinskinz-zodiac	https://buyprintz.com/assets/tin-skinz/designs/Zodiac/Zodiac/Sagittarius_Back.png	adult	unisex	Aluminum	Zodiac	Multi	Standard	New		No	No		Free shipping on orders over $100	US		Standard	2-3 business days		Boston	MA		+1-617-555-0123				None	1-2 business days	2-3 business days	UPS	Ground	Standard	No	No	Yes	Yes	Yes	Yes	Yes	Yes		https://buyprintz.com/tracking	Yes	Yes		+1-617-555-0123			Return within 30 days	None	1-2 business days	3-5 business days	UPS	Ground	Standard	No	No	Yes	Yes	Yes	Yes	Yes	Yes		https://buyprintz.com/return-tracking	Yes	Yes
gemini	TinSkinz Gemini	Pre-designed tin with zodiac design, perfect for birthdays, events, and special occasions. Includes candy and custom message option.	9.99	new	https://buyprintz.com/tin-skinz	in_stock	https://buyprintz.com/assets/tin-skinz/designs/Zodiac/Zodiac/Gemini_Front.png	TinSkinz		TS-GEMINI	Food, Beverages & Tobacco > Food Items > Candy & Chocolate > Candy	TinSkinz	0.2	3	2	1	tinskinz-zodiac	https://buyprintz.com/assets/tin-skinz/designs/Zodiac/Zodiac/Gemini_Back.png	adult	unisex	Aluminum	Zodiac	Multi	Standard	New		No	No		Free shipping on orders over $100	US		Standard	2-3 business days		Boston	MA		+1-617-555-0123				None	1-2 business days	2-3 business days	UPS	Ground	Standard	No	No	Yes	Yes	Yes	Yes	Yes	Yes		https://buyprintz.com/tracking	Yes	Yes		+1-617-555-0123			Return within 30 days	None	1-2 business days	3-5 business days	UPS	Ground	Standard	No	No	Yes	Yes	Yes	Yes	Yes	Yes		https://buyprintz.com/return-tracking	Yes	Yes
aries	TinSkinz Aries	Pre-designed tin with zodiac design, perfect for birthdays, events, and special occasions. Includes candy and custom message option.	9.99	new	https://buyprintz.com/tin-skinz	in_stock	https://buyprintz.com/assets/tin-skinz/designs/Zodiac/Zodiac/Aries_Front.png	TinSkinz		TS-ARIES	Food, Beverages & Tobacco > Food Items > Candy & Chocolate > Candy	TinSkinz	0.2	3	2	1	tinskinz-zodiac	https://buyprintz.com/assets/tin-skinz/designs/Zodiac/Zodiac/Aries_Back.png	adult	unisex	Aluminum	Zodiac	Multi	Standard	New		No	No		Free shipping on orders over $100	US		Standard	2-3 business days		Boston	MA		+1-617-555-0123				None	1-2 business days	2-3 business days	UPS	Ground	Standard	No	No	Yes	Yes	Yes	Yes	Yes	Yes		https://buyprintz.com/tracking	Yes	Yes		+1-617-555-0123			Return within 30 days	None	1-2 business days	3-5 business days	UPS	Ground	Standard	No	No	Yes	Yes	Yes	Yes	Yes	Yes		https://buyprintz.com/return-tracking	Yes	Yes
virgo	TinSkinz Virgo	Pre-designed tin with zodiac design, perfect for birthdays, events, and special occasions. Includes candy and custom message option.	9.99	new	https://buyprintz.com/tin-skinz	in_stock	https://buyprintz.com/assets/tin-skinz/designs/Zodiac/Zodiac/Virgo_Front.png	TinSkinz		TS-VIRGO	Food, Beverages & Tobacco > Food Items > Candy & Chocolate > Candy	TinSkinz	0.2	3	2	1	tinskinz-zodiac	https://buyprintz.com/assets/tin-skinz/designs/Zodiac/Zodiac/Virgo_Back.png	adult	unisex	Aluminum	Zodiac	Multi	Standard	New		No	No		Free shipping on orders over $100	US		Standard	2-3 business days		Boston	MA		+1-617-555-0123				None	1-2 business days	2-3 business days	UPS	Ground	Standard	No	No	Yes	Yes	Yes	Yes	Yes	Yes		https://buyprintz.com/tracking	Yes	Yes		+1-617-555-0123			Return within 30 days	None	1-2 business days	3-5 business days	UPS	Ground	Standard	No	No	Yes	Yes	Yes	Yes	Yes	Yes		https://buyprintz.com/return-tracking	Yes	Yes
scorpio	TinSkinz Scorpio	Pre-designed tin with zodiac design, perfect for birthdays, events, and special occasions. Includes candy and custom message option.	9.99	new	https://buyprintz.com/tin-skinz	in_stock	https://buyprintz.com/assets/tin-skinz/designs/Zodiac/Zodiac/Scorpio_Front.png	TinSkinz		TS-SCORPIO	Food, Beverages & Tobacco > Food Items > Candy & Chocolate > Candy	TinSkinz	0.2	3	2	1	tinskinz-zodiac	https://buyprintz.com/assets/tin-skinz/designs/Zodiac/Zodiac/Scorpio_Back.png	adult	unisex	Aluminum	Zodiac	Multi	Standard	New		No	No		Free shipping on orders over $100	US		Standard	2-3 business days		Boston	MA		+1-617-555-0123				None	1-2 business days	2-3 business days	UPS	Ground	Standard	No	No	Yes	Yes	Yes	Yes	Yes	Yes		https://buyprintz.com/tracking	Yes	Yes		+1-617-555-0123			Return within 30 days	None	1-2 business days	3-5 business days	UPS	Ground	Standard	No	No	Yes	Yes	Yes	Yes	Yes	Yes		https://buyprintz.com/return-tracking	Yes	Yes
bee	TinSkinz Bee	Pre-designed tin with animals design, perfect for birthdays, events, and special occasions. Includes candy and custom message option.	9.99	new	https://buyprintz.com/tin-skinz	in_stock	https://buyprintz.com/assets/tin-skinz/designs/Animals/Animals/Bee_Front.png	TinSkinz		TS-BEE	Food, Beverages & Tobacco > Food Items > Candy & Chocolate > Candy	TinSkinz	0.2	3	2	1	tinskinz-animals	https://buyprintz.com/assets/tin-skinz/designs/Animals/Animals/Bee_Back.png	adult	unisex	Aluminum	Animals	Multi	Standard	New		No	No		Free shipping on orders over $100	US		Standard	2-3 business days		Boston	MA		+1-617-555-0123				None	1-2 business days	2-3 business days	UPS	Ground	Standard	No	No	Yes	Yes	Yes	Yes	Yes	Yes		https://buyprintz.com/tracking	Yes	Yes		+1-617-555-0123			Return within 30 days	None	1-2 business days	3-5 business days	UPS	Ground	Standard	No	No	Yes	Yes	Yes	Yes	Yes	Yes		https://buyprintz.com/return-tracking	Yes	Yes
wolf	TinSkinz Wolf	Pre-designed tin with animals design, perfect for birthdays, events, and special occasions. Includes candy and custom message option.	9.99	new	https://buyprintz.com/tin-skinz	in_stock	https://buyprintz.com/assets/tin-skinz/designs/Animals/Animals/Wolf_Front.png	TinSkinz		TS-WOLF	Food, Beverages & Tobacco > Food Items > Candy & Chocolate > Candy	TinSkinz	0.2	3	2	1	tinskinz-animals	https://buyprintz.com/assets/tin-skinz/designs/Animals/Animals/Wolf_Back.png	adult	unisex	Aluminum	Animals	Multi	Standard	New		No	No		Free shipping on orders over $100	US		Standard	2-3 business days		Boston	MA		+1-617-555-0123				None	1-2 business days	2-3 business days	UPS	Ground	Standard	No	No	Yes	Yes	Yes	Yes	Yes	Yes		https://buyprintz.com/tracking	Yes	Yes		+1-617-555-0123			Return within 30 days	None	1-2 business days	3-5 business days	UPS	Ground	Standard	No	No	Yes	Yes	Yes	Yes	Yes	Yes		https://buyprintz.com/return-tracking	Yes	Yes
hummingbird	TinSkinz Hummingbird	Pre-designed tin with animals design, perfect for birthdays, events, and special occasions. Includes candy and custom message option.	9.99	new	https://buyprintz.com/tin-skinz	in_stock	https://buyprintz.com/assets/tin-skinz/designs/Animals/Animals/Hummingbird_Front.png	TinSkinz		TS-HUMMINGBIRD	Food, Beverages & Tobacco > Food Items > Candy & Chocolate > Candy	TinSkinz	0.2	3	2	1	tinskinz-animals	https://buyprintz.com/assets/tin-skinz/designs/Animals/Animals/Hummingbird_Back.png	adult	unisex	Aluminum	Animals	Multi	Standard	New		No	No		Free shipping on orders over $100	US		Standard	2-3 business days		Boston	MA		+1-617-555-0123				None	1-2 business days	2-3 business days	UPS	Ground	Standard	No	No	Yes	Yes	Yes	Yes	Yes	Yes		https://buyprintz.com/tracking	Yes	Yes		+1-617-555-0123			Return within 30 days	None	1-2 business days	3-5 business days	UPS	Ground	Standard	No	No	Yes	Yes	Yes	Yes	Yes	Yes		https://buyprintz.com/return-tracking	Yes	Yes
bunny	TinSkinz Bunny	Pre-designed tin with animals design, perfect for birthdays, events, and special occasions. Includes candy and custom message option.	9.99	new	https://buyprintz.com/tin-skinz	in_stock	https://buyprintz.com/assets/tin-skinz/designs/Animals/Animals/Bunny_Front.png	TinSkinz		TS-BUNNY	Food, Beverages & Tobacco > Food Items > Candy & Chocolate > Candy	TinSkinz	0.2	3	2	1	tinskinz-animals	https://buyprintz.com/assets/tin-skinz/designs/Animals/Animals/Bunny_Back.png	adult	unisex	Aluminum	Animals	Multi	Standard	New		No	No		Free shipping on orders over $100	US		Standard	2-3 business days		Boston	MA		+1-617-555-0123				None	1-2 business days	2-3 business days	UPS	Ground	Standard	No	No	Yes	Yes	Yes	Yes	Yes	Yes		https://buyprintz.com/tracking	Yes	Yes		+1-617-555-0123			Return within 30 days	None	1-2 business days	3-5 business days	UPS	Ground	Standard	No	No	Yes	Yes	Yes	Yes	Yes	Yes		https://buyprintz.com/return-tracking	Yes	Yes
butterfly	TinSkinz Butterfly	Pre-designed tin with animals design, perfect for birthdays, events, and special occasions. Includes candy and custom message option.	9.99	new	https://buyprintz.com/tin-skinz	in_stock	https://buyprintz.com/assets/tin-skinz/designs/Animals/Animals/Butterfly_Front.png	TinSkinz		TS-BUTTERFLY	Food, Beverages & Tobacco > Food Items > Candy & Chocolate > Candy	TinSkinz	0.2	3	2	1	tinskinz-animals	https://buyprintz.com/assets/tin-skinz/designs/Animals/Animals/Butterfly_Back.png	adult	unisex	Aluminum	Animals	Multi	Standard	New		No	No		Free shipping on orders over $100	US		Standard	2-3 business days		Boston	MA		+1-617-555-0123				None	1-2 business days	2-3 business days	UPS	Ground	Standard	No	No	Yes	Yes	Yes	Yes	Yes	Yes		https://buyprintz.com/tracking	Yes	Yes		+1-617-555-0123			Return within 30 days	None	1-2 business days	3-5 business days	UPS	Ground	Standard	No	No	Yes	Yes	Yes	Yes	Yes	Yes		https://buyprintz.com/return-tracking	Yes	Yes
cat	TinSkinz Cat	Pre-designed tin with animals design, perfect for birthdays, events, and special occasions. Includes candy and custom message option.	9.99	new	https://buyprintz.com/tin-skinz	in_stock	https://buyprintz.com/assets/tin-skinz/designs/Animals/Animals/Cat_Front.png	TinSkinz		TS-CAT	Food, Beverages & Tobacco > Food Items > Candy & Chocolate > Candy	TinSkinz	0.2	3	2	1	tinskinz-animals	https://buyprintz.com/assets/tin-skinz/designs/Animals/Animals/Cat_Back.png	adult	unisex	Aluminum	Animals	Multi	Standard	New		No	No		Free shipping on orders over $100	US		Standard	2-3 business days		Boston	MA		+1-617-555-0123				None	1-2 business days	2-3 business days	UPS	Ground	Standard	No	No	Yes	Yes	Yes	Yes	Yes	Yes		https://buyprintz.com/tracking	Yes	Yes		+1-617-555-0123			Return within 30 days	None	1-2 business days	3-5 business days	UPS	Ground	Standard	No	No	Yes	Yes	Yes	Yes	Yes	Yes		https://buyprintz.com/return-tracking	Yes	Yes
puppy	TinSkinz Puppy	Pre-designed tin with animals design, perfect for birthdays, events, and special occasions. Includes candy and custom message option.	9.99	new	https://buyprintz.com/tin-skinz	in_stock	https://buyprintz.com/assets/tin-skinz/designs/Animals/Animals/Puppy_Front.png	TinSkinz		TS-PUPPY	Food, Beverages & Tobacco > Food Items > Candy & Chocolate > Candy	TinSkinz	0.2	3	2	1	tinskinz-animals	https://buyprintz.com/assets/tin-skinz/designs/Animals/Animals/Puppy_Back.png	adult	unisex	Aluminum	Animals	Multi	Standard	New		No	No		Free shipping on orders over $100	US		Standard	2-3 business days		Boston	MA		+1-617-555-0123				None	1-2 business days	2-3 business days	UPS	Ground	Standard	No	No	Yes	Yes	Yes	Yes	Yes	Yes		https://buyprintz.com/tracking	Yes	Yes		+1-617-555-0123			Return within 30 days	None	1-2 business days	3-5 business days	UPS	Ground	Standard	No	No	Yes	Yes	Yes	Yes	Yes	Yes		https://buyprintz.com/return-tracking	Yes	Yes
horse	TinSkinz Horse	Pre-designed tin with animals design, perfect for birthdays, events, and special occasions. Includes candy and custom message option.	9.99	new	https://buyprintz.com/tin-skinz	in_stock	https://buyprintz.com/assets/tin-skinz/designs/Animals/Animals/Horse_Front.png	TinSkinz		TS-HORSE	Food, Beverages & Tobacco > Food Items > Candy & Chocolate > Candy	TinSkinz	0.2	3	2	1	tinskinz-animals	https://buyprintz.com/assets/tin-skinz/designs/Animals/Animals/Horse_Back.png	adult	unisex	Aluminum	Animals	Multi	Standard	New		No	No		Free shipping on orders over $100	US		Standard	2-3 business days		Boston	MA		+1-617-555-0123				None	1-2 business days	2-3 business days	UPS	Ground	Standard	No	No	Yes	Yes	Yes	Yes	Yes	Yes		https://buyprintz.com/tracking	Yes	Yes		+1-617-555-0123			Return within 30 days	None	1-2 business days	3-5 business days	UPS	Ground	Standard	No	No	Yes	Yes	Yes	Yes	Yes	Yes		https://buyprintz.com/return-tracking	Yes	Yes
lion	TinSkinz Lion	Pre-designed tin with animals design, perfect for birthdays, events, and special occasions. Includes candy and custom message option.	9.99	new	https://buyprintz.com/tin-skinz	in_stock	https://buyprintz.com/assets/tin-skinz/designs/Animals/Animals/Lion_Front.png	TinSkinz		TS-LION	Food, Beverages & Tobacco > Food Items > Candy & Chocolate > Candy	TinSkinz	0.2	3	2	1	tinskinz-animals	https://buyprintz.com/assets/tin-skinz/designs/Animals/Animals/Lion_Back.png	adult	unisex	Aluminum	Animals	Multi	Standard	New		No	No		Free shipping on orders over $100	US		Standard	2-3 business days		Boston	MA		+1-617-555-0123				None	1-2 business days	2-3 business days	UPS	Ground	Standard	No	No	Yes	Yes	Yes	Yes	Yes	Yes		https://buyprintz.com/tracking	Yes	Yes		+1-617-555-0123			Return within 30 days	None	1-2 business days	3-5 business days	UPS	Ground	Standard	No	No	Yes	Yes	Yes	Yes	Yes	Yes		https://buyprintz.com/return-tracking	Yes	Yes
owl	TinSkinz Owl	Pre-designed tin with animals design, perfect for birthdays, events, and special occasions. Includes candy and custom message option.	9.99	new	https://buyprintz.com/tin-skinz	in_stock	https://buyprintz.com/assets/tin-skinz/designs/Animals/Animals/Owl_Front.png	TinSkinz		TS-OWL	Food, Beverages & Tobacco > Food Items > Candy & Chocolate > Candy	TinSkinz	0.2	3	2	1	tinskinz-animals	https://buyprintz.com/assets/tin-skinz/designs/Animals/Animals/Owl_Back.png	adult	unisex	Aluminum	Animals	Multi	Standard	New		No	No		Free shipping on orders over $100	US		Standard	2-3 business days		Boston	MA		+1-617-555-0123				None	1-2 business days	2-3 business days	UPS	Ground	Standard	No	No	Yes	Yes	Yes	Yes	Yes	Yes		https://buyprintz.com/tracking	Yes	Yes		+1-617-555-0123			Return within 30 days	None	1-2 business days	3-5 business days	UPS	Ground	Standard	No	No	Yes	Yes	Yes	Yes	Yes	Yes		https://buyprintz.com/return-tracking	Yes	Yes
parrot	TinSkinz Parrot	Pre-designed tin with animals design, perfect for birthdays, events, and special occasions. Includes candy and custom message option.	9.99	new	https://buyprintz.com/tin-skinz	in_stock	https://buyprintz.com/assets/tin-skinz/designs/Animals/Animals/Parrot_Front.png	TinSkinz		TS-PARROT	Food, Beverages & Tobacco > Food Items > Candy & Chocolate > Candy	TinSkinz	0.2	3	2	1	tinskinz-animals	https://buyprintz.com/assets/tin-skinz/designs/Animals/Animals/Parrot_Back.png	adult	unisex	Aluminum	Animals	Multi	Standard	New		No	No		Free shipping on orders over $100	US		Standard	2-3 business days		Boston	MA		+1-617-555-0123				None	1-2 business days	2-3 business days	UPS	Ground	Standard	No	No	Yes	Yes	Yes	Yes	Yes	Yes		https://buyprintz.com/tracking	Yes	Yes		+1-617-555-0123			Return within 30 days	None	1-2 business days	3-5 business days	UPS	Ground	Standard	No	No	Yes	Yes	Yes	Yes	Yes	Yes		https://buyprintz.com/return-tracking	Yes	Yes
peacock-14	TinSkinz Peacock	Pre-designed tin with animals design, perfect for birthdays, events, and special occasions. Includes candy and custom message option.	9.99	new	https://buyprintz.com/tin-skinz	in_stock	https://buyprintz.com/assets/tin-skinz/designs/Animals/Animals/Peacock_Front.png	TinSkinz		TS-PEACOCK-14	Food, Beverages & Tobacco > Food Items > Candy & Chocolate > Candy	TinSkinz	0.2	3	2	1	tinskinz-animals	https://buyprintz.com/assets/tin-skinz/designs/Animals/Animals/Peacock_Back.png	adult	unisex	Aluminum	Animals	Multi	Standard	New		No	No		Free shipping on orders over $100	US		Standard	2-3 business days		Boston	MA		+1-617-555-0123				None	1-2 business days	2-3 business days	UPS	Ground	Standard	No	No	Yes	Yes	Yes	Yes	Yes	Yes		https://buyprintz.com/tracking	Yes	Yes		+1-617-555-0123			Return within 30 days	None	1-2 business days	3-5 business days	UPS	Ground	Standard	No	No	Yes	Yes	Yes	Yes	Yes	Yes		https://buyprintz.com/return-tracking	Yes	Yes
peacock-15	TinSkinz Peacock 2	Pre-designed tin with animals design, perfect for birthdays, events, and special occasions. Includes candy and custom message option.	9.99	new	https://buyprintz.com/tin-skinz	in_stock	https://buyprintz.com/assets/tin-skinz/designs/Animals/Animals/Peacock 2_Front.png	TinSkinz		TS-PEACOCK-15	Food, Beverages & Tobacco > Food Items > Candy & Chocolate > Candy	TinSkinz	0.2	3	2	1	tinskinz-animals	https://buyprintz.com/assets/tin-skinz/designs/Animals/Animals/Peacock 2_Back.png	adult	unisex	Aluminum	Animals	Multi	Standard	New		No	No		Free shipping on orders over $100	US		Standard	2-3 business days		Boston	MA		+1-617-555-0123				None	1-2 business days	2-3 business days	UPS	Ground	Standard	No	No	Yes	Yes	Yes	Yes	Yes	Yes		https://buyprintz.com/tracking	Yes	Yes		+1-617-555-0123			Return within 30 days	None	1-2 business days	3-5 business days	UPS	Ground	Standard	No	No	Yes	Yes	Yes	Yes	Yes	Yes		https://buyprintz.com/return-tracking	Yes	Yes
turtle	TinSkinz Turtle	Pre-designed tin with animals design, perfect for birthdays, events, and special occasions. Includes candy and custom message option.	9.99	new	https://buyprintz.com/tin-skinz	in_stock	https://buyprintz.com/assets/tin-skinz/designs/Animals/Animals/Turtle_Front.png	TinSkinz		TS-TURTLE	Food, Beverages & Tobacco > Food Items > Candy & Chocolate > Candy	TinSkinz	0.2	3	2	1	tinskinz-animals	https://buyprintz.com/assets/tin-skinz/designs/Animals/Animals/Turtle_Back.png	adult	unisex	Aluminum	Animals	Multi	Standard	New		No	No		Free shipping on orders over $100	US		Standard	2-3 business days		Boston	MA		+1-617-555-0123				None	1-2 business days	2-3 business days	UPS	Ground	Standard	No	No	Yes	Yes	Yes	Yes	Yes	Yes		https://buyprintz.com/tracking	Yes	Yes		+1-617-555-0123			Return within 30 days	None	1-2 business days	3-5 business days	UPS	Ground	Standard	No	No	Yes	Yes	Yes	Yes	Yes	Yes		https://buyprintz.com/return-tracking	Yes	Yes
frog	TinSkinz Frog	Pre-designed tin with animals design, perfect for birthdays, events, and special occasions. Includes candy and custom message option.	9.99	new	https://buyprintz.com/tin-skinz	in_stock	https://buyprintz.com/assets/tin-skinz/designs/Animals/Animals/Frog_Front.png	TinSkinz		TS-FROG	Food, Beverages & Tobacco > Food Items > Candy & Chocolate > Candy	TinSkinz	0.2	3	2	1	tinskinz-animals	https://buyprintz.com/assets/tin-skinz/designs/Animals/Animals/Frog_Back.png	adult	unisex	Aluminum	Animals	Multi	Standard	New		No	No		Free shipping on orders over $100	US		Standard	2-3 business days		Boston	MA		+1-617-555-0123				None	1-2 business days	2-3 business days	UPS	Ground	Standard	No	No	Yes	Yes	Yes	Yes	Yes	Yes		https://buyprintz.com/tracking	Yes	Yes		+1-617-555-0123			Return within 30 days	None	1-2 business days	3-5 business days	UPS	Ground	Standard	No	No	Yes	Yes	Yes	Yes	Yes	Yes		https://buyprintz.com/return-tracking	Yes	Yes
ladybugs	TinSkinz Ladybugs	Pre-designed tin with animals design, perfect for birthdays, events, and special occasions. Includes candy and custom message option.	9.99	new	https://buyprintz.com/tin-skinz	in_stock	https://buyprintz.com/assets/tin-skinz/designs/Animals/Animals/Ladybugs_Front.png	TinSkinz		TS-LADYBUGS	Food, Beverages & Tobacco > Food Items > Candy & Chocolate > Candy	TinSkinz	0.2	3	2	1	tinskinz-animals	https://buyprintz.com/assets/tin-skinz/designs/Animals/Animals/Ladybugs_Back.png	adult	unisex	Aluminum	Animals	Multi	Standard	New		No	No		Free shipping on orders over $100	US		Standard	2-3 business days		Boston	MA		+1-617-555-0123				None	1-2 business days	2-3 business days	UPS	Ground	Standard	No	No	Yes	Yes	Yes	Yes	Yes	Yes		https://buyprintz.com/tracking	Yes	Yes		+1-617-555-0123			Return within 30 days	None	1-2 business days	3-5 business days	UPS	Ground	Standard	No	No	Yes	Yes	Yes	Yes	Yes	Yes		https://buyprintz.com/return-tracking	Yes	Yes
monkey	TinSkinz Monkey	Pre-designed tin with animals design, perfect for birthdays, events, and special occasions. Includes candy and custom message option.	9.99	new	https://buyprintz.com/tin-skinz	in_stock	https://buyprintz.com/assets/tin-skinz/designs/Animals/Animals/Monkey_Front.png	TinSkinz		TS-MONKEY	Food, Beverages & Tobacco > Food Items > Candy & Chocolate > Candy	TinSkinz	0.2	3	2	1	tinskinz-animals	https://buyprintz.com/assets/tin-skinz/designs/Animals/Animals/Monkey_Back.png	adult	unisex	Aluminum	Animals	Multi	Standard	New		No	No		Free shipping on orders over $100	US		Standard	2-3 business days		Boston	MA		+1-617-555-0123				None	1-2 business days	2-3 business days	UPS	Ground	Standard	No	No	Yes	Yes	Yes	Yes	Yes	Yes		https://buyprintz.com/tracking	Yes	Yes		+1-617-555-0123			Return within 30 days	None	1-2 business days	3-5 business days	UPS	Ground	Standard	No	No	Yes	Yes	Yes	Yes	Yes	Yes		https://buyprintz.com/return-tracking	Yes	Yes
elephant	TinSkinz Elephant	Pre-designed tin with animals design, perfect for birthdays, events, and special occasions. Includes candy and custom message option.	9.99	new	https://buyprintz.com/tin-skinz	in_stock	https://buyprintz.com/assets/tin-skinz/designs/Animals/Animals/Elephant_Front.png	TinSkinz		TS-ELEPHANT	Food, Beverages & Tobacco > Food Items > Candy & Chocolate > Candy	TinSkinz	0.2	3	2	1	tinskinz-animals	https://buyprintz.com/assets/tin-skinz/designs/Animals/Animals/Elephant_Back.png	adult	unisex	Aluminum	Animals	Multi	Standard	New		No	No		Free shipping on orders over $100	US		Standard	2-3 business days		Boston	MA		+1-617-555-0123				None	1-2 business days	2-3 business days	UPS	Ground	Standard	No	No	Yes	Yes	Yes	Yes	Yes	Yes		https://buyprintz.com/tracking	Yes	Yes		+1-617-555-0123			Return within 30 days	None	1-2 business days	3-5 business days	UPS	Ground	Standard	No	No	Yes	Yes	Yes	Yes	Yes	Yes		https://buyprintz.com/return-tracking	Yes	Yes
