id	title	description	price	condition	link	availability	image_link	brand	gtin	mpn	google_product_category	product_type	shipping_weight	shipping_length	shipping_width	shipping_height	item_group_id	additional_image_link	age_group	gender	material	pattern	color	size
vinyl-13oz	13oz Vinyl Banner	Our most popular banner - perfect for outdoor use with weather resistance and vibrant colors. Priced per square foot starting at $1.60/sqft. Contact us at order@buyprintz.com or 617-505-0603 for custom orders.	1.60	new	https://buyprintz.com/product/vinyl-13oz	in_stock	https://buyprintz.com/assets/images/13oz Vinyl Banner.jpg	BuyPrintz		BP-VB-13OZ	Home & Garden > Home Improvement > Hardware > Building Materials > Lumber & Composites > Lumber > Plywood & Engineered Wood > Plywood	Banner	0.5	36	24	0.125	vinyl-banners		adult	unisex	13oz Scrim Vinyl		White	Custom
vinyl-18oz	18oz Blocked Banner	18 oz matte blockout banner - Full color UV printed, indoor and outdoor ready. Priced per square foot starting at $2.50/sqft. Contact us at order@buyprintz.com or 617-505-0603 for custom orders.	2.50	new	https://buyprintz.com/product/vinyl-18oz	in_stock	https://buyprintz.com/assets/images/blockout Banner -BuyPrintz.jpg	BuyPrintz		BP-VB-18OZ	Home & Garden > Home Improvement > Hardware > Building Materials > Lumber & Composites > Lumber > Plywood & Engineered Wood > Plywood	Banner	0.6	36	24	0.15	vinyl-banners		adult	unisex	18oz Matte Blockout Vinyl		White	Custom
tin-silver-100	Business Card Tins - Silver (100 units)	Premium silver aluminum business card tins with custom vinyl stickers - perfect for professional networking. 100 unit minimum order. Contact us at order@buyprintz.com or 617-505-0603.	399.99	new	https://buyprintz.com/business-card-tins	in_stock	https://buyprintz.com/assets/images/silvertin-buyprintz.jpg	BuyPrintz		BP-TIN-SILVER-100	Office Products > Office Supplies > Paper Products > Business Cards	Business Card Tins	2.5	4	3	1	business-card-tins		adult	unisex	Premium Silver Aluminum		Silver	Custom
tin-silver-250	Business Card Tins - Silver (250 units)	Premium silver aluminum business card tins with custom vinyl stickers - perfect for professional networking. 250 unit order. Contact us at order@buyprintz.com or 617-505-0603.	749.99	new	https://buyprintz.com/business-card-tins	in_stock	https://buyprintz.com/assets/images/silvertin-buyprintz.jpg	BuyPrintz		BP-TIN-SILVER-250	Office Products > Office Supplies > Paper Products > Business Cards	Business Card Tins	6.25	4	3	2.5	business-card-tins		adult	unisex	Premium Silver Aluminum		Silver	Custom
tin-silver-500	Business Card Tins - Silver (500 units)	Premium silver aluminum business card tins with custom vinyl stickers - perfect for professional networking. 500 unit order. Contact us at order@buyprintz.com or 617-505-0603.	1000.00	new	https://buyprintz.com/business-card-tins	in_stock	https://buyprintz.com/assets/images/silvertin-buyprintz.jpg	BuyPrintz		BP-TIN-SILVER-500	Office Products > Office Supplies > Paper Products > Business Cards	Business Card Tins	12.5	4	3	5	business-card-tins		adult	unisex	Premium Silver Aluminum		Silver	Custom
tin-black-100	Business Card Tins - Black (100 units)	Sleek black aluminum business card tins with custom vinyl stickers - modern and sophisticated. 100 unit minimum order. Contact us at order@buyprintz.com or 617-505-0603.	425.00	new	https://buyprintz.com/business-card-tins	in_stock	https://buyprintz.com/assets/images/black tins-buyprintz.jpg	BuyPrintz		BP-TIN-BLACK-100	Office Products > Office Supplies > Paper Products > Business Cards	Business Card Tins	2.5	4	3	1	business-card-tins		adult	unisex	Premium Black Aluminum		Black	Custom
tin-black-250	Business Card Tins - Black (250 units)	Sleek black aluminum business card tins with custom vinyl stickers - modern and sophisticated. 250 unit order. Contact us at order@buyprintz.com or 617-505-0603.	775.00	new	https://buyprintz.com/business-card-tins	in_stock	https://buyprintz.com/assets/images/black tins-buyprintz.jpg	BuyPrintz		BP-TIN-BLACK-250	Office Products > Office Supplies > Paper Products > Business Cards	Business Card Tins	6.25	4	3	2.5	business-card-tins		adult	unisex	Premium Black Aluminum		Black	Custom
tin-black-500	Business Card Tins - Black (500 units)	Sleek black aluminum business card tins with custom vinyl stickers - modern and sophisticated. 500 unit order. Contact us at order@buyprintz.com or 617-505-0603.	1025.00	new	https://buyprintz.com/business-card-tins	in_stock	https://buyprintz.com/assets/images/black tins-buyprintz.jpg	BuyPrintz		BP-TIN-BLACK-500	Office Products > Office Supplies > Paper Products > Business Cards	Business Card Tins	12.5	4	3	5	business-card-tins		adult	unisex	Premium Black Aluminum		Black	Custom
tin-gold-100	Business Card Tins - Gold (100 units)	Luxurious gold aluminum business card tins with custom vinyl stickers - premium and elegant. 100 unit minimum order. Contact us at order@buyprintz.com or 617-505-0603.	450.00	new	https://buyprintz.com/business-card-tins	in_stock	https://buyprintz.com/assets/images/gold tins-buyprintz.jpg	BuyPrintz		BP-TIN-GOLD-100	Office Products > Office Supplies > Paper Products > Business Cards	Business Card Tins	2.5	4	3	1	business-card-tins		adult	unisex	Premium Gold Aluminum		Gold	Custom
tin-gold-250	Business Card Tins - Gold (250 units)	Luxurious gold aluminum business card tins with custom vinyl stickers - premium and elegant. 250 unit order. Contact us at order@buyprintz.com or 617-505-0603.	800.00	new	https://buyprintz.com/business-card-tins	in_stock	https://buyprintz.com/assets/images/gold tins-buyprintz.jpg	BuyPrintz		BP-TIN-GOLD-250	Office Products > Office Supplies > Paper Products > Business Cards	Business Card Tins	6.25	4	3	2.5	business-card-tins		adult	unisex	Premium Gold Aluminum		Gold	Custom
tin-gold-500	Business Card Tins - Gold (500 units)	Luxurious gold aluminum business card tins with custom vinyl stickers - premium and elegant. 500 unit order. Contact us at order@buyprintz.com or 617-505-0603.	1050.00	new	https://buyprintz.com/business-card-tins	in_stock	https://buyprintz.com/assets/images/gold tins-buyprintz.jpg	BuyPrintz		BP-TIN-GOLD-500	Office Products > Office Supplies > Paper Products > Business Cards	Business Card Tins	12.5	4	3	5	business-card-tins		adult	unisex	Premium Gold Aluminum		Gold	Custom
tent-canopy-only	10x10 Complete Tent (Canopy Only)	Complete tent package with frame and canopy. Perfect starter option with professional aluminum frame and custom dye sublimated canopy graphics. Starting at $325. Contact us at order@buyprintz.com or 617-505-0603.	325.00	new	https://buyprintz.com/tradeshow-tents	in_stock	https://buyprintz.com/assets/images/Tent_only-buyprintz.jpg	BuyPrintz		BP-TENT-10X10-CANOPY	Sports & Outdoors > Outdoor Recreation > Camping & Hiking > Tents & Shelters > Tents	Trade Show Tent	51	120	120	137	tradeshow-tents		adult	unisex	6oz Tent Fabric (600x600 denier)		White	10x10
tent-with-walls	10x10 Complete Tent + Walls	Complete tent with frame, canopy, and wall options. Enhanced coverage with sidewalls and/or backwall for maximum branding and protection. Up to $900 depending on configuration. Contact us at order@buyprintz.com or 617-505-0603.	900.00	new	https://buyprintz.com/tradeshow-tents	in_stock	https://buyprintz.com/assets/images/tent_complete-buyprintz.jpg	BuyPrintz		BP-TENT-10X10-WALLS	Sports & Outdoors > Outdoor Recreation > Camping & Hiking > Tents & Shelters > Tents	Trade Show Tent	58	120	120	137	tradeshow-tents		adult	unisex	6oz Tent Fabric (600x600 denier)		White	10x10
tinskinz-geometric-1	TinSkinz Geometric 1	Pre-designed tin with abstract art design, perfect for birthdays, events, and special occasions. Includes candy and custom message option. Contact us at order@buyprintz.com or 617-505-0603 for custom orders.	9.99	new	https://buyprintz.com/tin-skinz	in_stock	https://buyprintz.com/assets/tin-skinz/designs/Abstract-Art/Abstract Art/Geometric 1_Front.png	TinSkinz		TS-GEOMETRIC-1	Food, Beverages & Tobacco > Food Items > Candy & Chocolate > Candy	TinSkinz	0.2	3	2	1	tinskinz-abstract-art	https://buyprintz.com/assets/tin-skinz/designs/Abstract-Art/Abstract Art/Geometric 1_Back.png	adult	unisex	Aluminum	Abstract Art	Multi	Standard
tinskinz-geometric-2	TinSkinz Geometric 2	Pre-designed tin with abstract art design, perfect for birthdays, events, and special occasions. Includes candy and custom message option. Contact us at order@buyprintz.com or 617-505-0603 for custom orders.	9.99	new	https://buyprintz.com/tin-skinz	in_stock	https://buyprintz.com/assets/tin-skinz/designs/Abstract-Art/Abstract Art/Geometric 2_Front.png	TinSkinz		TS-GEOMETRIC-2	Food, Beverages & Tobacco > Food Items > Candy & Chocolate > Candy	TinSkinz	0.2	3	2	1	tinskinz-abstract-art	https://buyprintz.com/assets/tin-skinz/designs/Abstract-Art/Abstract Art/Geometric 2_Back.png	adult	unisex	Aluminum	Abstract Art	Multi	Standard
tinskinz-geometric-3	TinSkinz Geometric 3	Pre-designed tin with abstract art design, perfect for birthdays, events, and special occasions. Includes candy and custom message option. Contact us at order@buyprintz.com or 617-505-0603 for custom orders.	9.99	new	https://buyprintz.com/tin-skinz	in_stock	https://buyprintz.com/assets/tin-skinz/designs/Abstract-Art/Abstract Art/Geometric 3_Front.png	TinSkinz		TS-GEOMETRIC-3	Food, Beverages & Tobacco > Food Items > Candy & Chocolate > Candy	TinSkinz	0.2	3	2	1	tinskinz-abstract-art	https://buyprintz.com/assets/tin-skinz/designs/Abstract-Art/Abstract Art/Geometric 3_Back.png	adult	unisex	Aluminum	Abstract Art	Multi	Standard
tinskinz-geometric-4	TinSkinz Geometric 4	Pre-designed tin with abstract art design, perfect for birthdays, events, and special occasions. Includes candy and custom message option. Contact us at order@buyprintz.com or 617-505-0603 for custom orders.	9.99	new	https://buyprintz.com/tin-skinz	in_stock	https://buyprintz.com/assets/tin-skinz/designs/Abstract-Art/Abstract Art/Geometric 4_Front.png	TinSkinz		TS-GEOMETRIC-4	Food, Beverages & Tobacco > Food Items > Candy & Chocolate > Candy	TinSkinz	0.2	3	2	1	tinskinz-abstract-art	https://buyprintz.com/assets/tin-skinz/designs/Abstract-Art/Abstract Art/Geometric 4_Back.png	adult	unisex	Aluminum	Abstract Art	Multi	Standard
tinskinz-geometric-5	TinSkinz Geometric 5	Pre-designed tin with abstract art design, perfect for birthdays, events, and special occasions. Includes candy and custom message option. Contact us at order@buyprintz.com or 617-505-0603 for custom orders.	9.99	new	https://buyprintz.com/tin-skinz	in_stock	https://buyprintz.com/assets/tin-skinz/designs/Abstract-Art/Abstract Art/Geometric 5_Front.png	TinSkinz		TS-GEOMETRIC-5	Food, Beverages & Tobacco > Food Items > Candy & Chocolate > Candy	TinSkinz	0.2	3	2	1	tinskinz-abstract-art	https://buyprintz.com/assets/tin-skinz/designs/Abstract-Art/Abstract Art/Geometric 5_Back.png	adult	unisex	Aluminum	Abstract Art	Multi	Standard
tinskinz-geometric-6	TinSkinz Geometric 6	Pre-designed tin with abstract art design, perfect for birthdays, events, and special occasions. Includes candy and custom message option. Contact us at order@buyprintz.com or 617-505-0603 for custom orders.	9.99	new	https://buyprintz.com/tin-skinz	in_stock	https://buyprintz.com/assets/tin-skinz/designs/Abstract-Art/Abstract Art/Geometric 6_Front.png	TinSkinz		TS-GEOMETRIC-6	Food, Beverages & Tobacco > Food Items > Candy & Chocolate > Candy	TinSkinz	0.2	3	2	1	tinskinz-abstract-art	https://buyprintz.com/assets/tin-skinz/designs/Abstract-Art/Abstract Art/Geometric 6_Back.png	adult	unisex	Aluminum	Abstract Art	Multi	Standard
tinskinz-geometric-7	TinSkinz Geometric 7	Pre-designed tin with abstract art design, perfect for birthdays, events, and special occasions. Includes candy and custom message option. Contact us at order@buyprintz.com or 617-505-0603 for custom orders.	9.99	new	https://buyprintz.com/tin-skinz	in_stock	https://buyprintz.com/assets/tin-skinz/designs/Abstract-Art/Abstract Art/Geometric 7_Front.png	TinSkinz		TS-GEOMETRIC-7	Food, Beverages & Tobacco > Food Items > Candy & Chocolate > Candy	TinSkinz	0.2	3	2	1	tinskinz-abstract-art	https://buyprintz.com/assets/tin-skinz/designs/Abstract-Art/Abstract Art/Geometric 7_Back.png	adult	unisex	Aluminum	Abstract Art	Multi	Standard
tinskinz-geometric-8	TinSkinz Geometric 8	Pre-designed tin with abstract art design, perfect for birthdays, events, and special occasions. Includes candy and custom message option. Contact us at order@buyprintz.com or 617-505-0603 for custom orders.	9.99	new	https://buyprintz.com/tin-skinz	in_stock	https://buyprintz.com/assets/tin-skinz/designs/Abstract-Art/Abstract Art/Geometric 8_Front.png	TinSkinz		TS-GEOMETRIC-8	Food, Beverages & Tobacco > Food Items > Candy & Chocolate > Candy	TinSkinz	0.2	3	2	1	tinskinz-abstract-art	https://buyprintz.com/assets/tin-skinz/designs/Abstract-Art/Abstract Art/Geometric 8_Back.png	adult	unisex	Aluminum	Abstract Art	Multi	Standard
tinskinz-geometric-9	TinSkinz Geometric 9	Pre-designed tin with abstract art design, perfect for birthdays, events, and special occasions. Includes candy and custom message option. Contact us at order@buyprintz.com or 617-505-0603 for custom orders.	9.99	new	https://buyprintz.com/tin-skinz	in_stock	https://buyprintz.com/assets/tin-skinz/designs/Abstract-Art/Abstract Art/Geometric 9_Front.png	TinSkinz		TS-GEOMETRIC-9	Food, Beverages & Tobacco > Food Items > Candy & Chocolate > Candy	TinSkinz	0.2	3	2	1	tinskinz-abstract-art	https://buyprintz.com/assets/tin-skinz/designs/Abstract-Art/Abstract Art/Geometric 9_Back.png	adult	unisex	Aluminum	Abstract Art	Multi	Standard
tinskinz-geometric-10	TinSkinz Geometric 10	Pre-designed tin with abstract art design, perfect for birthdays, events, and special occasions. Includes candy and custom message option. Contact us at order@buyprintz.com or 617-505-0603 for custom orders.	9.99	new	https://buyprintz.com/tin-skinz	in_stock	https://buyprintz.com/assets/tin-skinz/designs/Abstract-Art/Abstract Art/Geometric 10_Front.png	TinSkinz		TS-GEOMETRIC-10	Food, Beverages & Tobacco > Food Items > Candy & Chocolate > Candy	TinSkinz	0.2	3	2	1	tinskinz-abstract-art	https://buyprintz.com/assets/tin-skinz/designs/Abstract-Art/Abstract Art/Geometric 10_Back.png	adult	unisex	Aluminum	Abstract Art	Multi	Standard
tinskinz-geometric-11	TinSkinz Geometric 11	Pre-designed tin with abstract art design, perfect for birthdays, events, and special occasions. Includes candy and custom message option. Contact us at order@buyprintz.com or 617-505-0603 for custom orders.	9.99	new	https://buyprintz.com/tin-skinz	in_stock	https://buyprintz.com/assets/tin-skinz/designs/Abstract-Art/Abstract Art/Geometric 11_Front.png	TinSkinz		TS-GEOMETRIC-11	Food, Beverages & Tobacco > Food Items > Candy & Chocolate > Candy	TinSkinz	0.2	3	2	1	tinskinz-abstract-art	https://buyprintz.com/assets/tin-skinz/designs/Abstract-Art/Abstract Art/Geometric 11_Back.png	adult	unisex	Aluminum	Abstract Art	Multi	Standard
tinskinz-geometric-12	TinSkinz Geometric 12	Pre-designed tin with abstract art design, perfect for birthdays, events, and special occasions. Includes candy and custom message option. Contact us at order@buyprintz.com or 617-505-0603 for custom orders.	9.99	new	https://buyprintz.com/tin-skinz	in_stock	https://buyprintz.com/assets/tin-skinz/designs/Abstract-Art/Abstract Art/Geometric 12_Front.png	TinSkinz		TS-GEOMETRIC-12	Food, Beverages & Tobacco > Food Items > Candy & Chocolate > Candy	TinSkinz	0.2	3	2	1	tinskinz-abstract-art	https://buyprintz.com/assets/tin-skinz/designs/Abstract-Art/Abstract Art/Geometric 12_Back.png	adult	unisex	Aluminum	Abstract Art	Multi	Standard
tinskinz-geometric-13	TinSkinz Geometric 13	Pre-designed tin with abstract art design, perfect for birthdays, events, and special occasions. Includes candy and custom message option. Contact us at order@buyprintz.com or 617-505-0603 for custom orders.	9.99	new	https://buyprintz.com/tin-skinz	in_stock	https://buyprintz.com/assets/tin-skinz/designs/Abstract-Art/Abstract Art/Geometric 13_Front.png	TinSkinz		TS-GEOMETRIC-13	Food, Beverages & Tobacco > Food Items > Candy & Chocolate > Candy	TinSkinz	0.2	3	2	1	tinskinz-abstract-art	https://buyprintz.com/assets/tin-skinz/designs/Abstract-Art/Abstract Art/Geometric 13_Back.png	adult	unisex	Aluminum	Abstract Art	Multi	Standard
tinskinz-geometric-14	TinSkinz Geometric 14	Pre-designed tin with abstract art design, perfect for birthdays, events, and special occasions. Includes candy and custom message option. Contact us at order@buyprintz.com or 617-505-0603 for custom orders.	9.99	new	https://buyprintz.com/tin-skinz	in_stock	https://buyprintz.com/assets/tin-skinz/designs/Abstract-Art/Abstract Art/Geometric 14_Front.png	TinSkinz		TS-GEOMETRIC-14	Food, Beverages & Tobacco > Food Items > Candy & Chocolate > Candy	TinSkinz	0.2	3	2	1	tinskinz-abstract-art	https://buyprintz.com/assets/tin-skinz/designs/Abstract-Art/Abstract Art/Geometric 14_Back.png	adult	unisex	Aluminum	Abstract Art	Multi	Standard
tinskinz-geometric-15	TinSkinz Geometric 15	Pre-designed tin with abstract art design, perfect for birthdays, events, and special occasions. Includes candy and custom message option. Contact us at order@buyprintz.com or 617-505-0603 for custom orders.	9.99	new	https://buyprintz.com/tin-skinz	in_stock	https://buyprintz.com/assets/tin-skinz/designs/Abstract-Art/Abstract Art/Geometric 15_Front.png	TinSkinz		TS-GEOMETRIC-15	Food, Beverages & Tobacco > Food Items > Candy & Chocolate > Candy	TinSkinz	0.2	3	2	1	tinskinz-abstract-art	https://buyprintz.com/assets/tin-skinz/designs/Abstract-Art/Abstract Art/Geometric 15_Back.png	adult	unisex	Aluminum	Abstract Art	Multi	Standard
tinskinz-geometric-16	TinSkinz Geometric 16	Pre-designed tin with abstract art design, perfect for birthdays, events, and special occasions. Includes candy and custom message option. Contact us at order@buyprintz.com or 617-505-0603 for custom orders.	9.99	new	https://buyprintz.com/tin-skinz	in_stock	https://buyprintz.com/assets/tin-skinz/designs/Abstract-Art/Abstract Art/Geometric 16_Front.png	TinSkinz		TS-GEOMETRIC-16	Food, Beverages & Tobacco > Food Items > Candy & Chocolate > Candy	TinSkinz	0.2	3	2	1	tinskinz-abstract-art	https://buyprintz.com/assets/tin-skinz/designs/Abstract-Art/Abstract Art/Geometric 16_Back.png	adult	unisex	Aluminum	Abstract Art	Multi	Standard
tinskinz-geometric-17	TinSkinz Geometric 17	Pre-designed tin with abstract art design, perfect for birthdays, events, and special occasions. Includes candy and custom message option. Contact us at order@buyprintz.com or 617-505-0603 for custom orders.	9.99	new	https://buyprintz.com/tin-skinz	in_stock	https://buyprintz.com/assets/tin-skinz/designs/Abstract-Art/Abstract Art/Geometric 17_Front.png	TinSkinz		TS-GEOMETRIC-17	Food, Beverages & Tobacco > Food Items > Candy & Chocolate > Candy	TinSkinz	0.2	3	2	1	tinskinz-abstract-art	https://buyprintz.com/assets/tin-skinz/designs/Abstract-Art/Abstract Art/Geometric 17_Back.png	adult	unisex	Aluminum	Abstract Art	Multi	Standard
tinskinz-geometric-18	TinSkinz Geometric 18	Pre-designed tin with abstract art design, perfect for birthdays, events, and special occasions. Includes candy and custom message option. Contact us at order@buyprintz.com or 617-505-0603 for custom orders.	9.99	new	https://buyprintz.com/tin-skinz	in_stock	https://buyprintz.com/assets/tin-skinz/designs/Abstract-Art/Abstract Art/Geometric 18_Front.png	TinSkinz		TS-GEOMETRIC-18	Food, Beverages & Tobacco > Food Items > Candy & Chocolate > Candy	TinSkinz	0.2	3	2	1	tinskinz-abstract-art	https://buyprintz.com/assets/tin-skinz/designs/Abstract-Art/Abstract Art/Geometric 18_Back.png	adult	unisex	Aluminum	Abstract Art	Multi	Standard
tinskinz-geometric-19	TinSkinz Geometric 19	Pre-designed tin with abstract art design, perfect for birthdays, events, and special occasions. Includes candy and custom message option. Contact us at order@buyprintz.com or 617-505-0603 for custom orders.	9.99	new	https://buyprintz.com/tin-skinz	in_stock	https://buyprintz.com/assets/tin-skinz/designs/Abstract-Art/Abstract Art/Geometric 19_Front.png	TinSkinz		TS-GEOMETRIC-19	Food, Beverages & Tobacco > Food Items > Candy & Chocolate > Candy	TinSkinz	0.2	3	2	1	tinskinz-abstract-art	https://buyprintz.com/assets/tin-skinz/designs/Abstract-Art/Abstract Art/Geometric 19_Back.png	adult	unisex	Aluminum	Abstract Art	Multi	Standard
tinskinz-geometric-20	TinSkinz Geometric 20	Pre-designed tin with abstract art design, perfect for birthdays, events, and special occasions. Includes candy and custom message option. Contact us at order@buyprintz.com or 617-505-0603 for custom orders.	9.99	new	https://buyprintz.com/tin-skinz	in_stock	https://buyprintz.com/assets/tin-skinz/designs/Abstract-Art/Abstract Art/Geometric 20_Front.png	TinSkinz		TS-GEOMETRIC-20	Food, Beverages & Tobacco > Food Items > Candy & Chocolate > Candy	TinSkinz	0.2	3	2	1	tinskinz-abstract-art	https://buyprintz.com/assets/tin-skinz/designs/Abstract-Art/Abstract Art/Geometric 20_Back.png	adult	unisex	Aluminum	Abstract Art	Multi	Standard
tinskinz-geometric-21	TinSkinz Geometric 21	Pre-designed tin with abstract art design, perfect for birthdays, events, and special occasions. Includes candy and custom message option. Contact us at order@buyprintz.com or 617-505-0603 for custom orders.	9.99	new	https://buyprintz.com/tin-skinz	in_stock	https://buyprintz.com/assets/tin-skinz/designs/Abstract-Art/Abstract Art/Geometric 21_Front.png	TinSkinz		TS-GEOMETRIC-21	Food, Beverages & Tobacco > Food Items > Candy & Chocolate > Candy	TinSkinz	0.2	3	2	1	tinskinz-abstract-art	https://buyprintz.com/assets/tin-skinz/designs/Abstract-Art/Abstract Art/Geometric 21_Back.png	adult	unisex	Aluminum	Abstract Art	Multi	Standard
tinskinz-geometric-22	TinSkinz Geometric 22	Pre-designed tin with abstract art design, perfect for birthdays, events, and special occasions. Includes candy and custom message option. Contact us at order@buyprintz.com or 617-505-0603 for custom orders.	9.99	new	https://buyprintz.com/tin-skinz	in_stock	https://buyprintz.com/assets/tin-skinz/designs/Abstract-Art/Abstract Art/Geometric 22_Front.png	TinSkinz		TS-GEOMETRIC-22	Food, Beverages & Tobacco > Food Items > Candy & Chocolate > Candy	TinSkinz	0.2	3	2	1	tinskinz-abstract-art	https://buyprintz.com/assets/tin-skinz/designs/Abstract-Art/Abstract Art/Geometric 22_Back.png	adult	unisex	Aluminum	Abstract Art	Multi	Standard
tinskinz-geometric-23	TinSkinz Geometric 23	Pre-designed tin with abstract art design, perfect for birthdays, events, and special occasions. Includes candy and custom message option. Contact us at order@buyprintz.com or 617-505-0603 for custom orders.	9.99	new	https://buyprintz.com/tin-skinz	in_stock	https://buyprintz.com/assets/tin-skinz/designs/Abstract-Art/Abstract Art/Geometric 23_Front.png	TinSkinz		TS-GEOMETRIC-23	Food, Beverages & Tobacco > Food Items > Candy & Chocolate > Candy	TinSkinz	0.2	3	2	1	tinskinz-abstract-art	https://buyprintz.com/assets/tin-skinz/designs/Abstract-Art/Abstract Art/Geometric 23_Back.png	adult	unisex	Aluminum	Abstract Art	Multi	Standard
tinskinz-geometric-24	TinSkinz Geometric 24	Pre-designed tin with abstract art design, perfect for birthdays, events, and special occasions. Includes candy and custom message option. Contact us at order@buyprintz.com or 617-505-0603 for custom orders.	9.99	new	https://buyprintz.com/tin-skinz	in_stock	https://buyprintz.com/assets/tin-skinz/designs/Abstract-Art/Abstract Art/Geometric 24_Front.png	TinSkinz		TS-GEOMETRIC-24	Food, Beverages & Tobacco > Food Items > Candy & Chocolate > Candy	TinSkinz	0.2	3	2	1	tinskinz-abstract-art	https://buyprintz.com/assets/tin-skinz/designs/Abstract-Art/Abstract Art/Geometric 24_Back.png	adult	unisex	Aluminum	Abstract Art	Multi	Standard
tinskinz-geometric-25	TinSkinz Geometric 25	Pre-designed tin with abstract art design, perfect for birthdays, events, and special occasions. Includes candy and custom message option. Contact us at order@buyprintz.com or 617-505-0603 for custom orders.	9.99	new	https://buyprintz.com/tin-skinz	in_stock	https://buyprintz.com/assets/tin-skinz/designs/Abstract-Art/Abstract Art/Geometric 25_Front.png	TinSkinz		TS-GEOMETRIC-25	Food, Beverages & Tobacco > Food Items > Candy & Chocolate > Candy	TinSkinz	0.2	3	2	1	tinskinz-abstract-art	https://buyprintz.com/assets/tin-skinz/designs/Abstract-Art/Abstract Art/Geometric 25_Back.png	adult	unisex	Aluminum	Abstract Art	Multi	Standard
tinskinz-geometric-26	TinSkinz Geometric 26	Pre-designed tin with abstract art design, perfect for birthdays, events, and special occasions. Includes candy and custom message option. Contact us at order@buyprintz.com or 617-505-0603 for custom orders.	9.99	new	https://buyprintz.com/tin-skinz	in_stock	https://buyprintz.com/assets/tin-skinz/designs/Abstract-Art/Abstract Art/Geometric 26_Front.png	TinSkinz		TS-GEOMETRIC-26	Food, Beverages & Tobacco > Food Items > Candy & Chocolate > Candy	TinSkinz	0.2	3	2	1	tinskinz-abstract-art	https://buyprintz.com/assets/tin-skinz/designs/Abstract-Art/Abstract Art/Geometric 26_Back.png	adult	unisex	Aluminum	Abstract Art	Multi	Standard
tinskinz-geometric-27	TinSkinz Geometric 27	Pre-designed tin with abstract art design, perfect for birthdays, events, and special occasions. Includes candy and custom message option. Contact us at order@buyprintz.com or 617-505-0603 for custom orders.	9.99	new	https://buyprintz.com/tin-skinz	in_stock	https://buyprintz.com/assets/tin-skinz/designs/Abstract-Art/Abstract Art/Geometric 27_Front.png	TinSkinz		TS-GEOMETRIC-27	Food, Beverages & Tobacco > Food Items > Candy & Chocolate > Candy	TinSkinz	0.2	3	2	1	tinskinz-abstract-art	https://buyprintz.com/assets/tin-skinz/designs/Abstract-Art/Abstract Art/Geometric 27_Back.png	adult	unisex	Aluminum	Abstract Art	Multi	Standard
tinskinz-geometric-28	TinSkinz Geometric 28	Pre-designed tin with abstract art design, perfect for birthdays, events, and special occasions. Includes candy and custom message option. Contact us at order@buyprintz.com or 617-505-0603 for custom orders.	9.99	new	https://buyprintz.com/tin-skinz	in_stock	https://buyprintz.com/assets/tin-skinz/designs/Abstract-Art/Abstract Art/Geometric 28_Front.png	TinSkinz		TS-GEOMETRIC-28	Food, Beverages & Tobacco > Food Items > Candy & Chocolate > Candy	TinSkinz	0.2	3	2	1	tinskinz-abstract-art	https://buyprintz.com/assets/tin-skinz/designs/Abstract-Art/Abstract Art/Geometric 28_Back.png	adult	unisex	Aluminum	Abstract Art	Multi	Standard
tinskinz-geometric-29	TinSkinz Geometric 29	Pre-designed tin with abstract art design, perfect for birthdays, events, and special occasions. Includes candy and custom message option. Contact us at order@buyprintz.com or 617-505-0603 for custom orders.	9.99	new	https://buyprintz.com/tin-skinz	in_stock	https://buyprintz.com/assets/tin-skinz/designs/Abstract-Art/Abstract Art/Geometric 29_Front.png	TinSkinz		TS-GEOMETRIC-29	Food, Beverages & Tobacco > Food Items > Candy & Chocolate > Candy	TinSkinz	0.2	3	2	1	tinskinz-abstract-art	https://buyprintz.com/assets/tin-skinz/designs/Abstract-Art/Abstract Art/Geometric 29_Back.png	adult	unisex	Aluminum	Abstract Art	Multi	Standard
tinskinz-geometric-30	TinSkinz Geometric 30	Pre-designed tin with abstract art design, perfect for birthdays, events, and special occasions. Includes candy and custom message option. Contact us at order@buyprintz.com or 617-505-0603 for custom orders.	9.99	new	https://buyprintz.com/tin-skinz	in_stock	https://buyprintz.com/assets/tin-skinz/designs/Abstract-Art/Abstract Art/Geometric 30_Front.png	TinSkinz		TS-GEOMETRIC-30	Food, Beverages & Tobacco > Food Items > Candy & Chocolate > Candy	TinSkinz	0.2	3	2	1	tinskinz-abstract-art	https://buyprintz.com/assets/tin-skinz/designs/Abstract-Art/Abstract Art/Geometric 30_Back.png	adult	unisex	Aluminum	Abstract Art	Multi	Standard
tinskinz-geometric-31	TinSkinz Geometric 31	Pre-designed tin with abstract art design, perfect for birthdays, events, and special occasions. Includes candy and custom message option. Contact us at order@buyprintz.com or 617-505-0603 for custom orders.	9.99	new	https://buyprintz.com/tin-skinz	in_stock	https://buyprintz.com/assets/tin-skinz/designs/Abstract-Art/Abstract Art/Geometric 31_Front.png	TinSkinz		TS-GEOMETRIC-31	Food, Beverages & Tobacco > Food Items > Candy & Chocolate > Candy	TinSkinz	0.2	3	2	1	tinskinz-abstract-art	https://buyprintz.com/assets/tin-skinz/designs/Abstract-Art/Abstract Art/Geometric 31_Back.png	adult	unisex	Aluminum	Abstract Art	Multi	Standard
tinskinz-geometric-32	TinSkinz Geometric 32	Pre-designed tin with abstract art design, perfect for birthdays, events, and special occasions. Includes candy and custom message option. Contact us at order@buyprintz.com or 617-505-0603 for custom orders.	9.99	new	https://buyprintz.com/tin-skinz	in_stock	https://buyprintz.com/assets/tin-skinz/designs/Abstract-Art/Abstract Art/Geometric 32_Front.png	TinSkinz		TS-GEOMETRIC-32	Food, Beverages & Tobacco > Food Items > Candy & Chocolate > Candy	TinSkinz	0.2	3	2	1	tinskinz-abstract-art	https://buyprintz.com/assets/tin-skinz/designs/Abstract-Art/Abstract Art/Geometric 32_Back.png	adult	unisex	Aluminum	Abstract Art	Multi	Standard
tinskinz-geometric-33	TinSkinz Geometric 33	Pre-designed tin with abstract art design, perfect for birthdays, events, and special occasions. Includes candy and custom message option. Contact us at order@buyprintz.com or 617-505-0603 for custom orders.	9.99	new	https://buyprintz.com/tin-skinz	in_stock	https://buyprintz.com/assets/tin-skinz/designs/Abstract-Art/Abstract Art/Geometric 33_Front.png	TinSkinz		TS-GEOMETRIC-33	Food, Beverages & Tobacco > Food Items > Candy & Chocolate > Candy	TinSkinz	0.2	3	2	1	tinskinz-abstract-art	https://buyprintz.com/assets/tin-skinz/designs/Abstract-Art/Abstract Art/Geometric 33_Back.png	adult	unisex	Aluminum	Abstract Art	Multi	Standard
tinskinz-geometric-34	TinSkinz Geometric 34	Pre-designed tin with abstract art design, perfect for birthdays, events, and special occasions. Includes candy and custom message option. Contact us at order@buyprintz.com or 617-505-0603 for custom orders.	9.99	new	https://buyprintz.com/tin-skinz	in_stock	https://buyprintz.com/assets/tin-skinz/designs/Abstract-Art/Abstract Art/Geometric 34_Front.png	TinSkinz		TS-GEOMETRIC-34	Food, Beverages & Tobacco > Food Items > Candy & Chocolate > Candy	TinSkinz	0.2	3	2	1	tinskinz-abstract-art	https://buyprintz.com/assets/tin-skinz/designs/Abstract-Art/Abstract Art/Geometric 34_Back.png	adult	unisex	Aluminum	Abstract Art	Multi	Standard
tinskinz-geometric-35	TinSkinz Geometric 35	Pre-designed tin with abstract art design, perfect for birthdays, events, and special occasions. Includes candy and custom message option. Contact us at order@buyprintz.com or 617-505-0603 for custom orders.	9.99	new	https://buyprintz.com/tin-skinz	in_stock	https://buyprintz.com/assets/tin-skinz/designs/Abstract-Art/Abstract Art/Geometric 35_Front.png	TinSkinz		TS-GEOMETRIC-35	Food, Beverages & Tobacco > Food Items > Candy & Chocolate > Candy	TinSkinz	0.2	3	2	1	tinskinz-abstract-art	https://buyprintz.com/assets/tin-skinz/designs/Abstract-Art/Abstract Art/Geometric 35_Back.png	adult	unisex	Aluminum	Abstract Art	Multi	Standard
tinskinz-geometric-36	TinSkinz Geometric 36	Pre-designed tin with abstract art design, perfect for birthdays, events, and special occasions. Includes candy and custom message option. Contact us at order@buyprintz.com or 617-505-0603 for custom orders.	9.99	new	https://buyprintz.com/tin-skinz	in_stock	https://buyprintz.com/assets/tin-skinz/designs/Abstract-Art/Abstract Art/Geometric 36_Front.png	TinSkinz		TS-GEOMETRIC-36	Food, Beverages & Tobacco > Food Items > Candy & Chocolate > Candy	TinSkinz	0.2	3	2	1	tinskinz-abstract-art	https://buyprintz.com/assets/tin-skinz/designs/Abstract-Art/Abstract Art/Geometric 36_Back.png	adult	unisex	Aluminum	Abstract Art	Multi	Standard
tinskinz-geometric-37	TinSkinz Geometric 37	Pre-designed tin with abstract art design, perfect for birthdays, events, and special occasions. Includes candy and custom message option. Contact us at order@buyprintz.com or 617-505-0603 for custom orders.	9.99	new	https://buyprintz.com/tin-skinz	in_stock	https://buyprintz.com/assets/tin-skinz/designs/Abstract-Art/Abstract Art/Geometric 37_Front.png	TinSkinz		TS-GEOMETRIC-37	Food, Beverages & Tobacco > Food Items > Candy & Chocolate > Candy	TinSkinz	0.2	3	2	1	tinskinz-abstract-art	https://buyprintz.com/assets/tin-skinz/designs/Abstract-Art/Abstract Art/Geometric 37_Back.png	adult	unisex	Aluminum	Abstract Art	Multi	Standard
tinskinz-geometric-38	TinSkinz Geometric 38	Pre-designed tin with abstract art design, perfect for birthdays, events, and special occasions. Includes candy and custom message option. Contact us at order@buyprintz.com or 617-505-0603 for custom orders.	9.99	new	https://buyprintz.com/tin-skinz	in_stock	https://buyprintz.com/assets/tin-skinz/designs/Abstract-Art/Abstract Art/Geometric 38_Front.png	TinSkinz		TS-GEOMETRIC-38	Food, Beverages & Tobacco > Food Items > Candy & Chocolate > Candy	TinSkinz	0.2	3	2	1	tinskinz-abstract-art	https://buyprintz.com/assets/tin-skinz/designs/Abstract-Art/Abstract Art/Geometric 38_Back.png	adult	unisex	Aluminum	Abstract Art	Multi	Standard
tinskinz-geometric-39	TinSkinz Geometric 39	Pre-designed tin with abstract art design, perfect for birthdays, events, and special occasions. Includes candy and custom message option. Contact us at order@buyprintz.com or 617-505-0603 for custom orders.	9.99	new	https://buyprintz.com/tin-skinz	in_stock	https://buyprintz.com/assets/tin-skinz/designs/Abstract-Art/Abstract Art/Geometric 39_Front.png	TinSkinz		TS-GEOMETRIC-39	Food, Beverages & Tobacco > Food Items > Candy & Chocolate > Candy	TinSkinz	0.2	3	2	1	tinskinz-abstract-art	https://buyprintz.com/assets/tin-skinz/designs/Abstract-Art/Abstract Art/Geometric 39_Back.png	adult	unisex	Aluminum	Abstract Art	Multi	Standard
tinskinz-geometric-40	TinSkinz Geometric 40	Pre-designed tin with abstract art design, perfect for birthdays, events, and special occasions. Includes candy and custom message option. Contact us at order@buyprintz.com or 617-505-0603 for custom orders.	9.99	new	https://buyprintz.com/tin-skinz	in_stock	https://buyprintz.com/assets/tin-skinz/designs/Abstract-Art/Abstract Art/Geometric 40_Front.png	TinSkinz		TS-GEOMETRIC-40	Food, Beverages & Tobacco > Food Items > Candy & Chocolate > Candy	TinSkinz	0.2	3	2	1	tinskinz-abstract-art	https://buyprintz.com/assets/tin-skinz/designs/Abstract-Art/Abstract Art/Geometric 40_Back.png	adult	unisex	Aluminum	Abstract Art	Multi	Standard
tinskinz-geometric-41	TinSkinz Geometric 41	Pre-designed tin with abstract art design, perfect for birthdays, events, and special occasions. Includes candy and custom message option. Contact us at order@buyprintz.com or 617-505-0603 for custom orders.	9.99	new	https://buyprintz.com/tin-skinz	in_stock	https://buyprintz.com/assets/tin-skinz/designs/Abstract-Art/Abstract Art/Geometric 41_Front.png	TinSkinz		TS-GEOMETRIC-41	Food, Beverages & Tobacco > Food Items > Candy & Chocolate > Candy	TinSkinz	0.2	3	2	1	tinskinz-abstract-art	https://buyprintz.com/assets/tin-skinz/designs/Abstract-Art/Abstract Art/Geometric 41_Back.png	adult	unisex	Aluminum	Abstract Art	Multi	Standard
tinskinz-geometric-42	TinSkinz Geometric 42	Pre-designed tin with abstract art design, perfect for birthdays, events, and special occasions. Includes candy and custom message option. Contact us at order@buyprintz.com or 617-505-0603 for custom orders.	9.99	new	https://buyprintz.com/tin-skinz	in_stock	https://buyprintz.com/assets/tin-skinz/designs/Abstract-Art/Abstract Art/Geometric 42_Front.png	TinSkinz		TS-GEOMETRIC-42	Food, Beverages & Tobacco > Food Items > Candy & Chocolate > Candy	TinSkinz	0.2	3	2	1	tinskinz-abstract-art	https://buyprintz.com/assets/tin-skinz/designs/Abstract-Art/Abstract Art/Geometric 42_Back.png	adult	unisex	Aluminum	Abstract Art	Multi	Standard
tinskinz-aries	TinSkinz Aries	Pre-designed tin with zodiac design, perfect for birthdays, events, and special occasions. Includes candy and custom message option. Contact us at order@buyprintz.com or 617-505-0603 for custom orders.	9.99	new	https://buyprintz.com/tin-skinz	in_stock	https://buyprintz.com/assets/tin-skinz/designs/Zodiac/Zodiac/Aries_Front.png	TinSkinz		TS-ARIES	Food, Beverages & Tobacco > Food Items > Candy & Chocolate > Candy	TinSkinz	0.2	3	2	1	tinskinz-zodiac	https://buyprintz.com/assets/tin-skinz/designs/Zodiac/Zodiac/Aries_Back.png	adult	unisex	Aluminum	Zodiac	Multi	Standard
tinskinz-taurus	TinSkinz Taurus	Pre-designed tin with zodiac design, perfect for birthdays, events, and special occasions. Includes candy and custom message option. Contact us at order@buyprintz.com or 617-505-0603 for custom orders.	9.99	new	https://buyprintz.com/tin-skinz	in_stock	https://buyprintz.com/assets/tin-skinz/designs/Zodiac/Zodiac/Taurus_Front.png	TinSkinz		TS-TAURUS	Food, Beverages & Tobacco > Food Items > Candy & Chocolate > Candy	TinSkinz	0.2	3	2	1	tinskinz-zodiac	https://buyprintz.com/assets/tin-skinz/designs/Zodiac/Zodiac/Taurus_Back.png	adult	unisex	Aluminum	Zodiac	Multi	Standard
tinskinz-gemini	TinSkinz Gemini	Pre-designed tin with zodiac design, perfect for birthdays, events, and special occasions. Includes candy and custom message option. Contact us at order@buyprintz.com or 617-505-0603 for custom orders.	9.99	new	https://buyprintz.com/tin-skinz	in_stock	https://buyprintz.com/assets/tin-skinz/designs/Zodiac/Zodiac/Gemini_Front.png	TinSkinz		TS-GEMINI	Food, Beverages & Tobacco > Food Items > Candy & Chocolate > Candy	TinSkinz	0.2	3	2	1	tinskinz-zodiac	https://buyprintz.com/assets/tin-skinz/designs/Zodiac/Zodiac/Gemini_Back.png	adult	unisex	Aluminum	Zodiac	Multi	Standard
tinskinz-cancer	TinSkinz Cancer	Pre-designed tin with zodiac design, perfect for birthdays, events, and special occasions. Includes candy and custom message option. Contact us at order@buyprintz.com or 617-505-0603 for custom orders.	9.99	new	https://buyprintz.com/tin-skinz	in_stock	https://buyprintz.com/assets/tin-skinz/designs/Zodiac/Zodiac/Cancer_Front.png	TinSkinz		TS-CANCER	Food, Beverages & Tobacco > Food Items > Candy & Chocolate > Candy	TinSkinz	0.2	3	2	1	tinskinz-zodiac	https://buyprintz.com/assets/tin-skinz/designs/Zodiac/Zodiac/Cancer_Back.png	adult	unisex	Aluminum	Zodiac	Multi	Standard
tinskinz-leo	TinSkinz Leo	Pre-designed tin with zodiac design, perfect for birthdays, events, and special occasions. Includes candy and custom message option. Contact us at order@buyprintz.com or 617-505-0603 for custom orders.	9.99	new	https://buyprintz.com/tin-skinz	in_stock	https://buyprintz.com/assets/tin-skinz/designs/Zodiac/Zodiac/Leo_Front.png	TinSkinz		TS-LEO	Food, Beverages & Tobacco > Food Items > Candy & Chocolate > Candy	TinSkinz	0.2	3	2	1	tinskinz-zodiac	https://buyprintz.com/assets/tin-skinz/designs/Zodiac/Zodiac/Leo_Back.png	adult	unisex	Aluminum	Zodiac	Multi	Standard
tinskinz-virgo	TinSkinz Virgo	Pre-designed tin with zodiac design, perfect for birthdays, events, and special occasions. Includes candy and custom message option. Contact us at order@buyprintz.com or 617-505-0603 for custom orders.	9.99	new	https://buyprintz.com/tin-skinz	in_stock	https://buyprintz.com/assets/tin-skinz/designs/Zodiac/Zodiac/Virgo_Front.png	TinSkinz		TS-VIRGO	Food, Beverages & Tobacco > Food Items > Candy & Chocolate > Candy	TinSkinz	0.2	3	2	1	tinskinz-zodiac	https://buyprintz.com/assets/tin-skinz/designs/Zodiac/Zodiac/Virgo_Back.png	adult	unisex	Aluminum	Zodiac	Multi	Standard
tinskinz-libra	TinSkinz Libra	Pre-designed tin with zodiac design, perfect for birthdays, events, and special occasions. Includes candy and custom message option. Contact us at order@buyprintz.com or 617-505-0603 for custom orders.	9.99	new	https://buyprintz.com/tin-skinz	in_stock	https://buyprintz.com/assets/tin-skinz/designs/Zodiac/Zodiac/Libra_Front.png	TinSkinz		TS-LIBRA	Food, Beverages & Tobacco > Food Items > Candy & Chocolate > Candy	TinSkinz	0.2	3	2	1	tinskinz-zodiac	https://buyprintz.com/assets/tin-skinz/designs/Zodiac/Zodiac/Libra_Back.png	adult	unisex	Aluminum	Zodiac	Multi	Standard
tinskinz-scorpio	TinSkinz Scorpio	Pre-designed tin with zodiac design, perfect for birthdays, events, and special occasions. Includes candy and custom message option. Contact us at order@buyprintz.com or 617-505-0603 for custom orders.	9.99	new	https://buyprintz.com/tin-skinz	in_stock	https://buyprintz.com/assets/tin-skinz/designs/Zodiac/Zodiac/Scorpio_Front.png	TinSkinz		TS-SCORPIO	Food, Beverages & Tobacco > Food Items > Candy & Chocolate > Candy	TinSkinz	0.2	3	2	1	tinskinz-zodiac	https://buyprintz.com/assets/tin-skinz/designs/Zodiac/Zodiac/Scorpio_Back.png	adult	unisex	Aluminum	Zodiac	Multi	Standard
tinskinz-sagittarius	TinSkinz Sagittarius	Pre-designed tin with zodiac design, perfect for birthdays, events, and special occasions. Includes candy and custom message option. Contact us at order@buyprintz.com or 617-505-0603 for custom orders.	9.99	new	https://buyprintz.com/tin-skinz	in_stock	https://buyprintz.com/assets/tin-skinz/designs/Zodiac/Zodiac/Sagittarius_Front.png	TinSkinz		TS-SAGITTARIUS	Food, Beverages & Tobacco > Food Items > Candy & Chocolate > Candy	TinSkinz	0.2	3	2	1	tinskinz-zodiac	https://buyprintz.com/assets/tin-skinz/designs/Zodiac/Zodiac/Sagittarius_Back.png	adult	unisex	Aluminum	Zodiac	Multi	Standard
tinskinz-capricorn	TinSkinz Capricorn	Pre-designed tin with zodiac design, perfect for birthdays, events, and special occasions. Includes candy and custom message option. Contact us at order@buyprintz.com or 617-505-0603 for custom orders.	9.99	new	https://buyprintz.com/tin-skinz	in_stock	https://buyprintz.com/assets/tin-skinz/designs/Zodiac/Zodiac/Capricorn_Front.png	TinSkinz		TS-CAPRICORN	Food, Beverages & Tobacco > Food Items > Candy & Chocolate > Candy	TinSkinz	0.2	3	2	1	tinskinz-zodiac	https://buyprintz.com/assets/tin-skinz/designs/Zodiac/Zodiac/Capricorn_Back.png	adult	unisex	Aluminum	Zodiac	Multi	Standard
tinskinz-aquarius	TinSkinz Aquarius	Pre-designed tin with zodiac design, perfect for birthdays, events, and special occasions. Includes candy and custom message option. Contact us at order@buyprintz.com or 617-505-0603 for custom orders.	9.99	new	https://buyprintz.com/tin-skinz	in_stock	https://buyprintz.com/assets/tin-skinz/designs/Zodiac/Zodiac/Aquarius_Front.png	TinSkinz		TS-AQUARIUS	Food, Beverages & Tobacco > Food Items > Candy & Chocolate > Candy	TinSkinz	0.2	3	2	1	tinskinz-zodiac	https://buyprintz.com/assets/tin-skinz/designs/Zodiac/Zodiac/Aquarius_Back.png	adult	unisex	Aluminum	Zodiac	Multi	Standard
tinskinz-pisces	TinSkinz Pisces	Pre-designed tin with zodiac design, perfect for birthdays, events, and special occasions. Includes candy and custom message option. Contact us at order@buyprintz.com or 617-505-0603 for custom orders.	9.99	new	https://buyprintz.com/tin-skinz	in_stock	https://buyprintz.com/assets/tin-skinz/designs/Zodiac/Zodiac/Pisces_Front.png	TinSkinz		TS-PISCES	Food, Beverages & Tobacco > Food Items > Candy & Chocolate > Candy	TinSkinz	0.2	3	2	1	tinskinz-zodiac	https://buyprintz.com/assets/tin-skinz/designs/Zodiac/Zodiac/Pisces_Back.png	adult	unisex	Aluminum	Zodiac	Multi	Standard
tinskinz-cat	TinSkinz Cat	Pre-designed tin with animals design, perfect for birthdays, events, and special occasions. Includes candy and custom message option. Contact us at order@buyprintz.com or 617-505-0603 for custom orders.	9.99	new	https://buyprintz.com/tin-skinz	in_stock	https://buyprintz.com/assets/tin-skinz/designs/Animals/Animals/Cat_Front.png	TinSkinz		TS-CAT	Food, Beverages & Tobacco > Food Items > Candy & Chocolate > Candy	TinSkinz	0.2	3	2	1	tinskinz-animals	https://buyprintz.com/assets/tin-skinz/designs/Animals/Animals/Cat_Back.png	adult	unisex	Aluminum	Animals	Multi	Standard
tinskinz-dog	TinSkinz Dog	Pre-designed tin with animals design, perfect for birthdays, events, and special occasions. Includes candy and custom message option. Contact us at order@buyprintz.com or 617-505-0603 for custom orders.	9.99	new	https://buyprintz.com/tin-skinz	in_stock	https://buyprintz.com/assets/tin-skinz/designs/Animals/Animals/Dog_Front.png	TinSkinz		TS-DOG	Food, Beverages & Tobacco > Food Items > Candy & Chocolate > Candy	TinSkinz	0.2	3	2	1	tinskinz-animals	https://buyprintz.com/assets/tin-skinz/designs/Animals/Animals/Dog_Back.png	adult	unisex	Aluminum	Animals	Multi	Standard
tinskinz-bird	TinSkinz Bird	Pre-designed tin with animals design, perfect for birthdays, events, and special occasions. Includes candy and custom message option. Contact us at order@buyprintz.com or 617-505-0603 for custom orders.	9.99	new	https://buyprintz.com/tin-skinz	in_stock	https://buyprintz.com/assets/tin-skinz/designs/Animals/Animals/Bird_Front.png	TinSkinz		TS-BIRD	Food, Beverages & Tobacco > Food Items > Candy & Chocolate > Candy	TinSkinz	0.2	3	2	1	tinskinz-animals	https://buyprintz.com/assets/tin-skinz/designs/Animals/Animals/Bird_Back.png	adult	unisex	Aluminum	Animals	Multi	Standard
tinskinz-fish	TinSkinz Fish	Pre-designed tin with animals design, perfect for birthdays, events, and special occasions. Includes candy and custom message option. Contact us at order@buyprintz.com or 617-505-0603 for custom orders.	9.99	new	https://buyprintz.com/tin-skinz	in_stock	https://buyprintz.com/assets/tin-skinz/designs/Animals/Animals/Fish_Front.png	TinSkinz		TS-FISH	Food, Beverages & Tobacco > Food Items > Candy & Chocolate > Candy	TinSkinz	0.2	3	2	1	tinskinz-animals	https://buyprintz.com/assets/tin-skinz/designs/Animals/Animals/Fish_Back.png	adult	unisex	Aluminum	Animals	Multi	Standard
tinskinz-butterfly	TinSkinz Butterfly	Pre-designed tin with animals design, perfect for birthdays, events, and special occasions. Includes candy and custom message option. Contact us at order@buyprintz.com or 617-505-0603 for custom orders.	9.99	new	https://buyprintz.com/tin-skinz	in_stock	https://buyprintz.com/assets/tin-skinz/designs/Animals/Animals/Butterfly_Front.png	TinSkinz		TS-BUTTERFLY	Food, Beverages & Tobacco > Food Items > Candy & Chocolate > Candy	TinSkinz	0.2	3	2	1	tinskinz-animals	https://buyprintz.com/assets/tin-skinz/designs/Animals/Animals/Butterfly_Back.png	adult	unisex	Aluminum	Animals	Multi	Standard
tinskinz-monkey	TinSkinz Monkey	Pre-designed tin with animals design, perfect for birthdays, events, and special occasions. Includes candy and custom message option. Contact us at order@buyprintz.com or 617-505-0603 for custom orders.	9.99	new	https://buyprintz.com/tin-skinz	in_stock	https://buyprintz.com/assets/tin-skinz/designs/Animals/Animals/Monkey_Front.png	TinSkinz		TS-MONKEY	Food, Beverages & Tobacco > Food Items > Candy & Chocolate > Candy	TinSkinz	0.2	3	2	1	tinskinz-animals	https://buyprintz.com/assets/tin-skinz/designs/Animals/Animals/Monkey_Back.png	adult	unisex	Aluminum	Animals	Multi	Standard
tinskinz-elephant	TinSkinz Elephant	Pre-designed tin with animals design, perfect for birthdays, events, and special occasions. Includes candy and custom message option. Contact us at order@buyprintz.com or 617-505-0603 for custom orders.	9.99	new	https://buyprintz.com/tin-skinz	in_stock	https://buyprintz.com/assets/tin-skinz/designs/Animals/Animals/Elephant_Front.png	TinSkinz		TS-ELEPHANT	Food, Beverages & Tobacco > Food Items > Candy & Chocolate > Candy	TinSkinz	0.2	3	2	1	tinskinz-animals	https://buyprintz.com/assets/tin-skinz/designs/Animals/Animals/Elephant_Back.png	adult	unisex	Aluminum	Animals	Multi	Standard
